0.000000000000000000e+00,0.000000000000000000e+00,0.000000000000000000e+00,0.000000000000000000e+00,0.000000000000000000e+00,-6.005499999999999554e-03,-8.285500000000001197e-03,0.000000000000000000e+00,-1.097699999999999891e-02,-7.553100000000000959e-03,0.000000000000000000e+00,8.931599999999999609e-03,-1.204500000000000015e-02,0.000000000000000000e+00,0.000000000000000000e+00,0.000000000000000000e+00,-8.182000000000000037e-03,0.000000000000000000e+00,-8.590700000000001460e-03,0.000000000000000000e+00,0.000000000000000000e+00,0.000000000000000000e+00,0.000000000000000000e+00,6.048899999999999416e-03,0.000000000000000000e+00,-7.134899999999998708e-03,0.000000000000000000e+00,-7.901200000000000584e-03,0.000000000000000000e+00,-7.388399999999999829e-03,-8.163200000000000664e-03,8.727799999999999100e-03,0.000000000000000000e+00,0.000000000000000000e+00,-9.430299999999999100e-03,0.000000000000000000e+00,0.000000000000000000e+00,0.000000000000000000e+00,0.000000000000000000e+00,0.000000000000000000e+00,-9.341000000000000345e-03,0.000000000000000000e+00,7.201999999999999201e-03,-5.603300000000000294e-03,-5.725399999999999413e-03,0.000000000000000000e+00,0.000000000000000000e+00,5.903699999999999573e-03,-9.637999999999998998e-03,-9.747499999999999221e-03,-6.246699999999999996e-03,0.000000000000000000e+00,0.000000000000000000e+00,5.306899999999999812e-03,0.000000000000000000e+00,-1.112300000000000094e-02,-1.226000000000000006e-02,-5.661699999999999545e-03,0.000000000000000000e+00,7.120999999999999726e-03
0.000000000000000000e+00,0.000000000000000000e+00,7.395399999999999023e-03,0.000000000000000000e+00,0.000000000000000000e+00,0.000000000000000000e+00,0.000000000000000000e+00,-7.637600000000000465e-03,-9.555400000000000352e-03,5.199300000000000449e-03,7.090399999999999307e-03,7.867799999999999447e-03,-7.916700000000000473e-03,0.000000000000000000e+00,0.000000000000000000e+00,0.000000000000000000e+00,-8.807399999999999951e-03,-7.013100000000000410e-03,0.000000000000000000e+00,0.000000000000000000e+00,0.000000000000000000e+00,0.000000000000000000e+00,8.330799999999999317e-03,-9.944200000000000261e-03,0.000000000000000000e+00,-8.842900000000000760e-03,-8.182800000000000490e-03,6.983400000000000718e-03,-6.400000000000000307e-03,8.476899999999999019e-03,1.053899999999999976e-02,0.000000000000000000e+00,0.000000000000000000e+00,0.000000000000000000e+00,0.000000000000000000e+00,0.000000000000000000e+00,0.000000000000000000e+00,0.000000000000000000e+00,0.000000000000000000e+00,0.000000000000000000e+00,0.000000000000000000e+00,1.023700000000000131e-02,0.000000000000000000e+00,6.352399999999999367e-03,-8.464700000000000349e-03,-5.352199999999999666e-03,0.000000000000000000e+00,6.859000000000000513e-03,6.106499999999999949e-03,0.000000000000000000e+00,0.000000000000000000e+00,0.000000000000000000e+00,0.000000000000000000e+00,5.921000000000000048e-03,-6.264000000000000470e-03,-1.225400000000000100e-02,0.000000000000000000e+00,6.704800000000000343e-03,-8.922700000000000423e-03,0.000000000000000000e+00
0.000000000000000000e+00,7.395399999999999023e-03,0.000000000000000000e+00,-5.225999999999999743e-03,0.000000000000000000e+00,5.751100000000000309e-03,0.000000000000000000e+00,0.000000000000000000e+00,0.000000000000000000e+00,5.862499999999999656e-03,6.676899999999999502e-03,0.000000000000000000e+00,0.000000000000000000e+00,5.422699999999999916e-03,0.000000000000000000e+00,-5.689699999999999792e-03,1.076200000000000073e-02,7.120399999999998952e-03,0.000000000000000000e+00,0.000000000000000000e+00,0.000000000000000000e+00,0.000000000000000000e+00,0.000000000000000000e+00,0.000000000000000000e+00,-8.114100000000000826e-03,-5.914899999999998978e-03,0.000000000000000000e+00,1.245600000000000006e-02,0.000000000000000000e+00,-5.523100000000000405e-03,0.000000000000000000e+00,0.000000000000000000e+00,0.000000000000000000e+00,0.000000000000000000e+00,5.063800000000000245e-03,0.000000000000000000e+00,-6.770399999999999335e-03,6.228299999999999982e-03,0.000000000000000000e+00,0.000000000000000000e+00,1.001500000000000133e-02,0.000000000000000000e+00,1.281299999999999974e-02,0.000000000000000000e+00,0.000000000000000000e+00,-5.480399999999999855e-03,0.000000000000000000e+00,0.000000000000000000e+00,5.567700000000000080e-03,0.000000000000000000e+00,5.981199999999999885e-03,-5.536800000000000575e-03,6.288300000000000139e-03,0.000000000000000000e+00,0.000000000000000000e+00,0.000000000000000000e+00,0.000000000000000000e+00,-8.002500000000000932e-03,0.000000000000000000e+00,7.828899999999999748e-03
0.000000000000000000e+00,0.000000000000000000e+00,-5.225999999999999743e-03,0.000000000000000000e+00,0.000000000000000000e+00,-6.306199999999999653e-03,0.000000000000000000e+00,5.407699999999999660e-03,6.424899999999999882e-03,-5.953499999999999591e-03,1.044999999999999922e-02,1.242900000000000081e-02,0.000000000000000000e+00,0.000000000000000000e+00,1.547899999999999970e-02,0.000000000000000000e+00,0.000000000000000000e+00,0.000000000000000000e+00,-1.987200000000000077e-02,7.645600000000000659e-03,8.452299999999999397e-03,0.000000000000000000e+00,-6.247699999999999261e-03,-7.439600000000000206e-03,0.000000000000000000e+00,-8.077299999999999064e-03,-5.431399999999999423e-03,1.066899999999999966e-02,7.440600000000000339e-03,-1.946100000000000260e-02,1.098199999999999871e-02,0.000000000000000000e+00,-1.069800000000000091e-02,0.000000000000000000e+00,0.000000000000000000e+00,0.000000000000000000e+00,-8.163800000000000570e-03,-1.246200000000000085e-02,-1.181600000000000011e-02,0.000000000000000000e+00,1.565000000000000072e-02,5.103299999999999850e-03,1.155800000000000056e-02,-9.799700000000001465e-03,-5.449100000000000991e-03,0.000000000000000000e+00,0.000000000000000000e+00,0.000000000000000000e+00,-9.862799999999997957e-03,0.000000000000000000e+00,5.794699999999999851e-03,-5.557100000000000581e-03,0.000000000000000000e+00,0.000000000000000000e+00,9.622900000000000204e-03,-5.106100000000000569e-03,6.551799999999999985e-03,8.247499999999999623e-03,0.000000000000000000e+00,6.779000000000000303e-03
0.000000000000000000e+00,0.000000000000000000e+00,0.000000000000000000e+00,0.000000000000000000e+00,0.000000000000000000e+00,5.587199999999999632e-03,0.000000000000000000e+00,0.000000000000000000e+00,0.000000000000000000e+00,0.000000000000000000e+00,-6.167100000000000880e-03,-6.745899999999999987e-03,7.345100000000001107e-03,0.000000000000000000e+00,0.000000000000000000e+00,1.196099999999999941e-02,5.941199999999999780e-03,5.881499999999999576e-03,-1.127300000000000003e-02,9.749100000000000127e-03,0.000000000000000000e+00,0.000000000000000000e+00,-9.440299999999998692e-03,-5.488199999999999502e-03,-9.646099999999999466e-03,0.000000000000000000e+00,9.554700000000001039e-03,0.000000000000000000e+00,0.000000000000000000e+00,0.000000000000000000e+00,-6.711399999999999311e-03,0.000000000000000000e+00,0.000000000000000000e+00,0.000000000000000000e+00,5.085100000000000384e-03,0.000000000000000000e+00,0.000000000000000000e+00,-5.088899999999999500e-03,0.000000000000000000e+00,0.000000000000000000e+00,8.160600000000000492e-03,0.000000000000000000e+00,-8.666000000000000092e-03,7.257200000000000109e-03,0.000000000000000000e+00,0.000000000000000000e+00,0.000000000000000000e+00,-5.158799999999999844e-03,0.000000000000000000e+00,9.400099999999999775e-03,-7.755100000000000014e-03,0.000000000000000000e+00,6.769800000000001164e-03,6.837399999999999554e-03,7.926000000000000753e-03,6.959100000000001049e-03,9.211399999999999796e-03,0.000000000000000000e+00,0.000000000000000000e+00,0.000000000000000000e+00
-6.005499999999999554e-03,0.000000000000000000e+00,5.751100000000000309e-03,-6.306199999999999653e-03,5.587199999999999632e-03,0.000000000000000000e+00,0.000000000000000000e+00,8.679799999999997934e-03,-9.557400000000000617e-03,0.000000000000000000e+00,-6.927199999999998810e-03,-7.896300000000000194e-03,0.000000000000000000e+00,0.000000000000000000e+00,7.102299999999999759e-03,7.463800000000000469e-03,6.951200000000000261e-03,7.415800000000000169e-03,0.000000000000000000e+00,0.000000000000000000e+00,0.000000000000000000e+00,0.000000000000000000e+00,5.037800000000000264e-03,0.000000000000000000e+00,0.000000000000000000e+00,-9.777299999999999186e-03,0.000000000000000000e+00,-1.235100000000000087e-02,-1.079699999999999931e-02,-1.587900000000000075e-02,-9.814599999999999713e-03,-8.691700000000000120e-03,0.000000000000000000e+00,0.000000000000000000e+00,0.000000000000000000e+00,0.000000000000000000e+00,-7.904300000000001256e-03,-9.226500000000000326e-03,0.000000000000000000e+00,-5.745499999999999739e-03,5.746500000000000739e-03,0.000000000000000000e+00,-5.949899999999999287e-03,0.000000000000000000e+00,0.000000000000000000e+00,6.087600000000000303e-03,0.000000000000000000e+00,7.316099999999999860e-03,0.000000000000000000e+00,0.000000000000000000e+00,5.331600000000000575e-03,0.000000000000000000e+00,5.751100000000000309e-03,-1.022099999999999918e-02,0.000000000000000000e+00,-1.295200000000000171e-02,-1.071100000000000003e-02,0.000000000000000000e+00,-6.465699999999999573e-03,1.137099999999999916e-02
-8.285500000000001197e-03,0.000000000000000000e+00,0.000000000000000000e+00,0.000000000000000000e+00,0.000000000000000000e+00,0.000000000000000000e+00,0.000000000000000000e+00,5.308699999999999530e-03,0.000000000000000000e+00,6.228800000000000482e-03,-8.713799999999998977e-03,0.000000000000000000e+00,5.385800000000000483e-03,0.000000000000000000e+00,0.000000000000000000e+00,-6.636300000000000358e-03,7.572299999999999691e-03,5.791600000000000047e-03,0.000000000000000000e+00,0.000000000000000000e+00,-6.347100000000000485e-03,0.000000000000000000e+00,-9.126299999999998649e-03,0.000000000000000000e+00,0.000000000000000000e+00,6.726899999999999200e-03,0.000000000000000000e+00,0.000000000000000000e+00,0.000000000000000000e+00,5.978699999999999987e-03,0.000000000000000000e+00,0.000000000000000000e+00,0.000000000000000000e+00,0.000000000000000000e+00,0.000000000000000000e+00,0.000000000000000000e+00,0.000000000000000000e+00,0.000000000000000000e+00,-7.029600000000000432e-03,0.000000000000000000e+00,9.294200000000000725e-03,0.000000000000000000e+00,0.000000000000000000e+00,0.000000000000000000e+00,0.000000000000000000e+00,6.503799999999999686e-03,0.000000000000000000e+00,-7.037300000000000673e-03,0.000000000000000000e+00,9.301200000000000787e-03,-5.212200000000000166e-03,0.000000000000000000e+00,1.178799999999999987e-02,0.000000000000000000e+00,-8.554600000000000745e-03,0.000000000000000000e+00,0.000000000000000000e+00,0.000000000000000000e+00,0.000000000000000000e+00,0.000000000000000000e+00
0.000000000000000000e+00,-7.637600000000000465e-03,0.000000000000000000e+00,5.407699999999999660e-03,0.000000000000000000e+00,8.679799999999997934e-03,5.308699999999999530e-03,0.000000000000000000e+00,0.000000000000000000e+00,5.619699999999999175e-03,6.499899999999999428e-03,-1.088599999999999984e-02,0.000000000000000000e+00,-8.217900000000000205e-03,0.000000000000000000e+00,9.781200000000002046e-03,0.000000000000000000e+00,0.000000000000000000e+00,-6.278399999999999953e-03,0.000000000000000000e+00,-8.848200000000000509e-03,0.000000000000000000e+00,0.000000000000000000e+00,0.000000000000000000e+00,0.000000000000000000e+00,0.000000000000000000e+00,0.000000000000000000e+00,-1.066500000000000087e-02,0.000000000000000000e+00,-5.045000000000000005e-03,0.000000000000000000e+00,0.000000000000000000e+00,0.000000000000000000e+00,0.000000000000000000e+00,0.000000000000000000e+00,0.000000000000000000e+00,-8.906100000000000128e-03,0.000000000000000000e+00,0.000000000000000000e+00,6.400900000000000166e-03,6.051300000000000776e-03,-1.055900000000000068e-02,0.000000000000000000e+00,0.000000000000000000e+00,0.000000000000000000e+00,-7.520699999999999087e-03,0.000000000000000000e+00,6.856300000000000068e-03,0.000000000000000000e+00,-8.847399999999998321e-03,-1.241299999999999869e-02,0.000000000000000000e+00,6.603799999999999948e-03,0.000000000000000000e+00,0.000000000000000000e+00,-1.344499999999999862e-02,0.000000000000000000e+00,-9.653100000000001263e-03,0.000000000000000000e+00,0.000000000000000000e+00
-1.097699999999999891e-02,-9.555400000000000352e-03,0.000000000000000000e+00,6.424899999999999882e-03,0.000000000000000000e+00,-9.557400000000000617e-03,0.000000000000000000e+00,0.000000000000000000e+00,0.000000000000000000e+00,-8.495900000000000674e-03,-9.768799999999999359e-03,0.000000000000000000e+00,0.000000000000000000e+00,0.000000000000000000e+00,0.000000000000000000e+00,0.000000000000000000e+00,0.000000000000000000e+00,0.000000000000000000e+00,0.000000000000000000e+00,0.000000000000000000e+00,0.000000000000000000e+00,0.000000000000000000e+00,0.000000000000000000e+00,-5.428800000000000119e-03,-1.009900000000000034e-02,0.000000000000000000e+00,-8.307799999999998866e-03,-6.141999999999999890e-03,5.444199999999999734e-03,0.000000000000000000e+00,8.588699999999999460e-03,0.000000000000000000e+00,0.000000000000000000e+00,0.000000000000000000e+00,-6.729800000000000192e-03,0.000000000000000000e+00,0.000000000000000000e+00,-7.488800000000000318e-03,0.000000000000000000e+00,5.711199999999999610e-03,8.297099999999999961e-03,0.000000000000000000e+00,0.000000000000000000e+00,0.000000000000000000e+00,0.000000000000000000e+00,7.715899999999999495e-03,0.000000000000000000e+00,0.000000000000000000e+00,0.000000000000000000e+00,0.000000000000000000e+00,0.000000000000000000e+00,0.000000000000000000e+00,-8.774700000000001596e-03,9.497200000000000780e-03,0.000000000000000000e+00,5.596300000000000233e-03,0.000000000000000000e+00,-1.014999999999999930e-02,0.000000000000000000e+00,0.000000000000000000e+00
-7.553100000000000959e-03,5.199300000000000449e-03,5.862499999999999656e-03,-5.953499999999999591e-03,0.000000000000000000e+00,0.000000000000000000e+00,6.228800000000000482e-03,5.619699999999999175e-03,-8.495900000000000674e-03,0.000000000000000000e+00,0.000000000000000000e+00,-6.756100000000000994e-03,7.841400000000000106e-03,0.000000000000000000e+00,0.000000000000000000e+00,8.237500000000000031e-03,6.751000000000000924e-03,0.000000000000000000e+00,-1.016899999999999922e-02,0.000000000000000000e+00,8.535899999999999044e-03,0.000000000000000000e+00,-6.222499999999999733e-03,0.000000000000000000e+00,-9.775200000000001249e-03,0.000000000000000000e+00,0.000000000000000000e+00,1.074599999999999861e-02,0.000000000000000000e+00,0.000000000000000000e+00,0.000000000000000000e+00,0.000000000000000000e+00,-7.202700000000000248e-03,0.000000000000000000e+00,-5.625800000000000245e-03,0.000000000000000000e+00,0.000000000000000000e+00,0.000000000000000000e+00,0.000000000000000000e+00,0.000000000000000000e+00,9.125499999999999931e-03,9.124999999999999431e-03,0.000000000000000000e+00,-7.794599999999999619e-03,0.000000000000000000e+00,0.000000000000000000e+00,0.000000000000000000e+00,7.889900000000000038e-03,0.000000000000000000e+00,0.000000000000000000e+00,-7.500700000000000769e-03,9.589700000000001348e-03,0.000000000000000000e+00,0.000000000000000000e+00,6.379600000000000895e-03,0.000000000000000000e+00,0.000000000000000000e+00,8.376500000000000265e-03,0.000000000000000000e+00,0.000000000000000000e+00
0.000000000000000000e+00,7.090399999999999307e-03,6.676899999999999502e-03,1.044999999999999922e-02,-6.167100000000000880e-03,-6.927199999999998810e-03,-8.713799999999998977e-03,6.499899999999999428e-03,-9.768799999999999359e-03,0.000000000000000000e+00,0.000000000000000000e+00,8.645100000000001048e-03,0.000000000000000000e+00,-8.980300000000000088e-03,0.000000000000000000e+00,0.000000000000000000e+00,0.000000000000000000e+00,1.135000000000000071e-02,0.000000000000000000e+00,-7.553799999999999404e-03,5.584699999999999734e-03,0.000000000000000000e+00,-1.027800000000000068e-02,5.199500000000000129e-03,0.000000000000000000e+00,-8.307399999999999507e-03,0.000000000000000000e+00,0.000000000000000000e+00,8.130399999999999433e-03,-1.041200000000000112e-02,0.000000000000000000e+00,-1.139599999999999988e-02,0.000000000000000000e+00,0.000000000000000000e+00,7.710400000000000066e-03,0.000000000000000000e+00,-1.025000000000000043e-02,0.000000000000000000e+00,-4.545899999999999386e-01,0.000000000000000000e+00,0.000000000000000000e+00,9.398200000000000651e-03,0.000000000000000000e+00,-6.035399999999999793e-03,7.278699999999999060e-03,0.000000000000000000e+00,0.000000000000000000e+00,-7.263699999999999671e-03,-2.338099999999999901e-02,8.475500000000000395e-03,-9.833599999999999633e-03,1.086999999999999945e-02,0.000000000000000000e+00,-6.287100000000000327e-03,0.000000000000000000e+00,-1.513100000000000035e-02,7.279099999999999286e-03,-1.024000000000000084e-02,-9.832799999999999180e-03,0.000000000000000000e+00
8.931599999999999609e-03,7.867799999999999447e-03,0.000000000000000000e+00,1.242900000000000081e-02,-6.745899999999999987e-03,-7.896300000000000194e-03,0.000000000000000000e+00,-1.088599999999999984e-02,0.000000000000000000e+00,-6.756100000000000994e-03,8.645100000000001048e-03,0.000000000000000000e+00,0.000000000000000000e+00,0.000000000000000000e+00,0.000000000000000000e+00,0.000000000000000000e+00,0.000000000000000000e+00,0.000000000000000000e+00,-5.231600000000000313e-03,0.000000000000000000e+00,6.413700000000000477e-03,0.000000000000000000e+00,0.000000000000000000e+00,0.000000000000000000e+00,7.562000000000000145e-03,0.000000000000000000e+00,6.715200000000000162e-03,-5.942699999999999545e-03,1.102900000000000061e-02,7.031699999999999236e-03,6.326600000000000799e-03,-9.880500000000000393e-03,0.000000000000000000e+00,0.000000000000000000e+00,0.000000000000000000e+00,0.000000000000000000e+00,0.000000000000000000e+00,7.338400000000000131e-03,0.000000000000000000e+00,0.000000000000000000e+00,6.995399999999999709e-03,0.000000000000000000e+00,0.000000000000000000e+00,9.536799999999999791e-03,0.000000000000000000e+00,0.000000000000000000e+00,0.000000000000000000e+00,0.000000000000000000e+00,0.000000000000000000e+00,-6.983899999999999483e-03,0.000000000000000000e+00,0.000000000000000000e+00,-5.255799999999999708e-03,-8.291899999999999618e-03,6.222600000000000874e-03,-8.980099999999999541e-03,5.259000000000000653e-03,0.000000000000000000e+00,-6.849899999999999912e-03,0.000000000000000000e+00
-1.204500000000000015e-02,-7.916700000000000473e-03,0.000000000000000000e+00,0.000000000000000000e+00,7.345100000000001107e-03,0.000000000000000000e+00,5.385800000000000483e-03,0.000000000000000000e+00,0.000000000000000000e+00,7.841400000000000106e-03,0.000000000000000000e+00,0.000000000000000000e+00,0.000000000000000000e+00,0.000000000000000000e+00,0.000000000000000000e+00,-5.667600000000000068e-03,0.000000000000000000e+00,0.000000000000000000e+00,0.000000000000000000e+00,7.081600000000000394e-03,7.903900000000000162e-03,0.000000000000000000e+00,8.122499999999999512e-03,-1.193400000000000016e-02,0.000000000000000000e+00,-7.845699999999998855e-03,8.615899999999999254e-03,8.674499999999999919e-03,7.556100000000000490e-03,0.000000000000000000e+00,0.000000000000000000e+00,-8.362700000000000689e-03,0.000000000000000000e+00,0.000000000000000000e+00,0.000000000000000000e+00,0.000000000000000000e+00,0.000000000000000000e+00,0.000000000000000000e+00,0.000000000000000000e+00,0.000000000000000000e+00,0.000000000000000000e+00,8.118300000000000169e-03,0.000000000000000000e+00,0.000000000000000000e+00,0.000000000000000000e+00,6.188199999999999604e-03,0.000000000000000000e+00,0.000000000000000000e+00,-9.480000000000000579e-03,0.000000000000000000e+00,0.000000000000000000e+00,0.000000000000000000e+00,-6.858100000000000654e-03,0.000000000000000000e+00,0.000000000000000000e+00,0.000000000000000000e+00,-8.517100000000001406e-03,-1.084099999999999994e-02,-8.732600000000000084e-03,1.019100000000000041e-02
0.000000000000000000e+00,0.000000000000000000e+00,5.422699999999999916e-03,0.000000000000000000e+00,0.000000000000000000e+00,0.000000000000000000e+00,0.000000000000000000e+00,-8.217900000000000205e-03,0.000000000000000000e+00,0.000000000000000000e+00,-8.980300000000000088e-03,0.000000000000000000e+00,0.000000000000000000e+00,0.000000000000000000e+00,0.000000000000000000e+00,0.000000000000000000e+00,0.000000000000000000e+00,-9.391200000000000589e-03,-1.075400000000000141e-02,8.371500000000000469e-03,0.000000000000000000e+00,0.000000000000000000e+00,0.000000000000000000e+00,0.000000000000000000e+00,0.000000000000000000e+00,0.000000000000000000e+00,9.175000000000000863e-03,0.000000000000000000e+00,-8.176100000000000381e-03,-9.661599999999999355e-03,-5.697800000000000260e-03,0.000000000000000000e+00,0.000000000000000000e+00,0.000000000000000000e+00,0.000000000000000000e+00,0.000000000000000000e+00,0.000000000000000000e+00,0.000000000000000000e+00,0.000000000000000000e+00,0.000000000000000000e+00,0.000000000000000000e+00,0.000000000000000000e+00,5.713600000000000102e-03,0.000000000000000000e+00,0.000000000000000000e+00,0.000000000000000000e+00,0.000000000000000000e+00,0.000000000000000000e+00,0.000000000000000000e+00,0.000000000000000000e+00,0.000000000000000000e+00,0.000000000000000000e+00,0.000000000000000000e+00,0.000000000000000000e+00,0.000000000000000000e+00,-6.767699999999998890e-03,0.000000000000000000e+00,0.000000000000000000e+00,8.745499999999999802e-03,0.000000000000000000e+00
0.000000000000000000e+00,0.000000000000000000e+00,0.000000000000000000e+00,1.547899999999999970e-02,0.000000000000000000e+00,7.102299999999999759e-03,0.000000000000000000e+00,0.000000000000000000e+00,0.000000000000000000e+00,0.000000000000000000e+00,0.000000000000000000e+00,0.000000000000000000e+00,0.000000000000000000e+00,0.000000000000000000e+00,0.000000000000000000e+00,0.000000000000000000e+00,-9.717500000000000443e-03,5.906100000000000932e-03,2.356900000000000106e-01,0.000000000000000000e+00,0.000000000000000000e+00,0.000000000000000000e+00,0.000000000000000000e+00,5.475299999999999785e-03,0.000000000000000000e+00,1.702700000000000047e-02,0.000000000000000000e+00,7.559500000000000247e-03,1.137699999999999996e-02,8.168899999999999773e-03,5.779699999999999595e-03,6.719199999999998958e-03,1.136299999999999984e-02,0.000000000000000000e+00,6.068199999999999289e-03,0.000000000000000000e+00,0.000000000000000000e+00,0.000000000000000000e+00,0.000000000000000000e+00,0.000000000000000000e+00,1.297599999999999969e-02,0.000000000000000000e+00,0.000000000000000000e+00,1.551800000000000054e-02,1.194100000000000023e-02,0.000000000000000000e+00,0.000000000000000000e+00,0.000000000000000000e+00,1.107799999999999931e-02,1.240300000000000083e-02,0.000000000000000000e+00,0.000000000000000000e+00,-1.053799999999999876e-02,0.000000000000000000e+00,0.000000000000000000e+00,2.276299999999999851e-02,1.671200000000000116e-02,0.000000000000000000e+00,-7.638899999999999683e-03,0.000000000000000000e+00
0.000000000000000000e+00,0.000000000000000000e+00,-5.689699999999999792e-03,0.000000000000000000e+00,1.196099999999999941e-02,7.463800000000000469e-03,-6.636300000000000358e-03,9.781200000000002046e-03,0.000000000000000000e+00,8.237500000000000031e-03,0.000000000000000000e+00,0.000000000000000000e+00,-5.667600000000000068e-03,0.000000000000000000e+00,0.000000000000000000e+00,0.000000000000000000e+00,-1.027199999999999988e-02,8.022899999999999476e-03,7.916699999999999848e-01,0.000000000000000000e+00,0.000000000000000000e+00,0.000000000000000000e+00,1.016399999999999942e-02,1.122500000000000060e-02,0.000000000000000000e+00,0.000000000000000000e+00,0.000000000000000000e+00,0.000000000000000000e+00,0.000000000000000000e+00,7.290200000000000152e-03,6.117100000000000315e-03,0.000000000000000000e+00,6.650799999999999247e-03,0.000000000000000000e+00,-6.224399999999999725e-03,0.000000000000000000e+00,7.946699999999999250e-03,1.436500000000000103e-02,1.218600000000000065e-02,7.494400000000000020e-03,-9.038400000000000253e-03,0.000000000000000000e+00,0.000000000000000000e+00,8.463600000000001677e-03,0.000000000000000000e+00,0.000000000000000000e+00,0.000000000000000000e+00,0.000000000000000000e+00,-7.473999999999999741e-03,-7.051199999999999656e-03,6.869899999999999965e-03,0.000000000000000000e+00,8.416299999999999823e-03,0.000000000000000000e+00,8.589200000000001695e-03,1.457400000000000015e-02,0.000000000000000000e+00,0.000000000000000000e+00,0.000000000000000000e+00,0.000000000000000000e+00
-8.182000000000000037e-03,-8.807399999999999951e-03,1.076200000000000073e-02,0.000000000000000000e+00,5.941199999999999780e-03,6.951200000000000261e-03,7.572299999999999691e-03,0.000000000000000000e+00,0.000000000000000000e+00,6.751000000000000924e-03,0.000000000000000000e+00,0.000000000000000000e+00,0.000000000000000000e+00,0.000000000000000000e+00,-9.717500000000000443e-03,-1.027199999999999988e-02,0.000000000000000000e+00,0.000000000000000000e+00,0.000000000000000000e+00,0.000000000000000000e+00,0.000000000000000000e+00,0.000000000000000000e+00,-5.186600000000000411e-03,0.000000000000000000e+00,0.000000000000000000e+00,-6.547399999999999227e-03,8.377700000000000077e-03,0.000000000000000000e+00,1.006600000000000029e-02,0.000000000000000000e+00,7.628600000000000138e-03,0.000000000000000000e+00,0.000000000000000000e+00,0.000000000000000000e+00,-5.149599999999999837e-03,0.000000000000000000e+00,0.000000000000000000e+00,-7.649099999999999823e-03,0.000000000000000000e+00,1.023299999999999904e-02,9.248299999999999230e-03,-6.774399999999999866e-03,1.014900000000000004e-02,6.329600000000000330e-03,0.000000000000000000e+00,1.225300000000000000e-02,0.000000000000000000e+00,0.000000000000000000e+00,8.819099999999999856e-03,0.000000000000000000e+00,-6.412899999999999157e-03,7.052600000000000882e-03,0.000000000000000000e+00,0.000000000000000000e+00,0.000000000000000000e+00,-9.854799999999998630e-03,0.000000000000000000e+00,-8.334299999999999348e-03,6.063100000000000087e-03,0.000000000000000000e+00
0.000000000000000000e+00,-7.013100000000000410e-03,7.120399999999998952e-03,0.000000000000000000e+00,5.881499999999999576e-03,7.415800000000000169e-03,5.791600000000000047e-03,0.000000000000000000e+00,0.000000000000000000e+00,0.000000000000000000e+00,1.135000000000000071e-02,0.000000000000000000e+00,0.000000000000000000e+00,-9.391200000000000589e-03,5.906100000000000932e-03,8.022899999999999476e-03,0.000000000000000000e+00,0.000000000000000000e+00,5.179299999999999529e-03,0.000000000000000000e+00,0.000000000000000000e+00,0.000000000000000000e+00,5.059199999999999808e-03,0.000000000000000000e+00,-1.094499999999999987e-02,5.006599999999999939e-03,0.000000000000000000e+00,1.229399999999999937e-02,0.000000000000000000e+00,-9.162899999999999864e-03,0.000000000000000000e+00,0.000000000000000000e+00,0.000000000000000000e+00,0.000000000000000000e+00,-5.150699999999999376e-03,0.000000000000000000e+00,0.000000000000000000e+00,0.000000000000000000e+00,0.000000000000000000e+00,-6.693600000000000938e-03,1.124400000000000052e-02,1.175499999999999982e-02,0.000000000000000000e+00,8.028799999999999132e-03,9.304700000000000817e-03,1.030100000000000113e-02,0.000000000000000000e+00,-1.015300000000000057e-02,-5.781600000000000454e-03,1.302299999999999812e-02,8.936499999999999999e-03,1.017200000000000049e-02,0.000000000000000000e+00,0.000000000000000000e+00,8.962600000000001121e-03,0.000000000000000000e+00,1.124499999999999979e-02,0.000000000000000000e+00,-7.237300000000000330e-03,0.000000000000000000e+00
-8.590700000000001460e-03,0.000000000000000000e+00,0.000000000000000000e+00,-1.987200000000000077e-02,-1.127300000000000003e-02,0.000000000000000000e+00,0.000000000000000000e+00,-6.278399999999999953e-03,0.000000000000000000e+00,-1.016899999999999922e-02,0.000000000000000000e+00,-5.231600000000000313e-03,0.000000000000000000e+00,-1.075400000000000141e-02,2.356900000000000106e-01,7.916699999999999848e-01,0.000000000000000000e+00,5.179299999999999529e-03,0.000000000000000000e+00,0.000000000000000000e+00,-9.246700000000001793e-03,0.000000000000000000e+00,0.000000000000000000e+00,0.000000000000000000e+00,-1.286900000000000023e-02,-1.077700000000000012e-02,1.400099999999999956e-02,-5.721399999999999750e-03,-1.707700000000000190e-02,0.000000000000000000e+00,0.000000000000000000e+00,0.000000000000000000e+00,-1.638000000000000220e-02,0.000000000000000000e+00,0.000000000000000000e+00,0.000000000000000000e+00,0.000000000000000000e+00,-1.528899999999999877e-02,-7.842100000000001153e-03,-7.500499999999999355e-03,-5.524899999999999256e-03,-1.359300000000000092e-02,0.000000000000000000e+00,0.000000000000000000e+00,7.136799999999999568e-03,0.000000000000000000e+00,0.000000000000000000e+00,0.000000000000000000e+00,-6.726199999999999887e-03,-1.419699999999999955e-02,0.000000000000000000e+00,0.000000000000000000e+00,0.000000000000000000e+00,-1.027199999999999988e-02,-8.308899999999999272e-03,-2.043799999999999784e-02,-1.313899999999999790e-02,0.000000000000000000e+00,0.000000000000000000e+00,0.000000000000000000e+00
0.000000000000000000e+00,0.000000000000000000e+00,0.000000000000000000e+00,7.645600000000000659e-03,9.749100000000000127e-03,0.000000000000000000e+00,0.000000000000000000e+00,0.000000000000000000e+00,0.000000000000000000e+00,0.000000000000000000e+00,-7.553799999999999404e-03,0.000000000000000000e+00,7.081600000000000394e-03,8.371500000000000469e-03,0.000000000000000000e+00,0.000000000000000000e+00,0.000000000000000000e+00,0.000000000000000000e+00,0.000000000000000000e+00,0.000000000000000000e+00,0.000000000000000000e+00,0.000000000000000000e+00,-8.398100000000000356e-03,-9.461699999999999972e-03,6.204000000000000313e-03,-8.000700000000001214e-03,0.000000000000000000e+00,6.491599999999999281e-03,0.000000000000000000e+00,7.075499999999999325e-03,1.165000000000000063e-02,8.879299999999999693e-03,0.000000000000000000e+00,0.000000000000000000e+00,0.000000000000000000e+00,0.000000000000000000e+00,0.000000000000000000e+00,0.000000000000000000e+00,8.661799999999999014e-03,-8.983899999999999525e-03,7.642900000000000214e-03,7.657500000000000244e-03,0.000000000000000000e+00,-9.998399999999999302e-03,0.000000000000000000e+00,0.000000000000000000e+00,0.000000000000000000e+00,-7.596200000000000001e-03,-6.161100000000000083e-03,0.000000000000000000e+00,0.000000000000000000e+00,-5.343399999999999886e-03,8.500600000000000517e-03,0.000000000000000000e+00,0.000000000000000000e+00,0.000000000000000000e+00,-8.143600000000000838e-03,0.000000000000000000e+00,0.000000000000000000e+00,0.000000000000000000e+00
0.000000000000000000e+00,0.000000000000000000e+00,0.000000000000000000e+00,8.452299999999999397e-03,0.000000000000000000e+00,0.000000000000000000e+00,-6.347100000000000485e-03,-8.848200000000000509e-03,0.000000000000000000e+00,8.535899999999999044e-03,5.584699999999999734e-03,6.413700000000000477e-03,7.903900000000000162e-03,0.000000000000000000e+00,0.000000000000000000e+00,0.000000000000000000e+00,0.000000000000000000e+00,0.000000000000000000e+00,-9.246700000000001793e-03,0.000000000000000000e+00,0.000000000000000000e+00,0.000000000000000000e+00,0.000000000000000000e+00,-8.830500000000001543e-03,0.000000000000000000e+00,7.820699999999999874e-03,-9.038799999999999613e-03,0.000000000000000000e+00,0.000000000000000000e+00,7.571200000000000152e-03,7.383499999999999439e-03,0.000000000000000000e+00,0.000000000000000000e+00,0.000000000000000000e+00,0.000000000000000000e+00,0.000000000000000000e+00,0.000000000000000000e+00,0.000000000000000000e+00,0.000000000000000000e+00,-1.000400000000000074e-02,7.020399999999999557e-03,0.000000000000000000e+00,0.000000000000000000e+00,0.000000000000000000e+00,0.000000000000000000e+00,0.000000000000000000e+00,0.000000000000000000e+00,0.000000000000000000e+00,6.305300000000000661e-03,0.000000000000000000e+00,0.000000000000000000e+00,9.740399999999999753e-03,6.154100000000000022e-03,0.000000000000000000e+00,0.000000000000000000e+00,0.000000000000000000e+00,0.000000000000000000e+00,0.000000000000000000e+00,0.000000000000000000e+00,0.000000000000000000e+00
0.000000000000000000e+00,0.000000000000000000e+00,0.000000000000000000e+00,0.000000000000000000e+00,0.000000000000000000e+00,0.000000000000000000e+00,0.000000000000000000e+00,0.000000000000000000e+00,0.000000000000000000e+00,0.000000000000000000e+00,0.000000000000000000e+00,0.000000000000000000e+00,0.000000000000000000e+00,0.000000000000000000e+00,0.000000000000000000e+00,0.000000000000000000e+00,0.000000000000000000e+00,0.000000000000000000e+00,0.000000000000000000e+00,0.000000000000000000e+00,0.000000000000000000e+00,0.000000000000000000e+00,0.000000000000000000e+00,0.000000000000000000e+00,0.000000000000000000e+00,0.000000000000000000e+00,0.000000000000000000e+00,0.000000000000000000e+00,0.000000000000000000e+00,0.000000000000000000e+00,0.000000000000000000e+00,0.000000000000000000e+00,0.000000000000000000e+00,0.000000000000000000e+00,0.000000000000000000e+00,0.000000000000000000e+00,0.000000000000000000e+00,0.000000000000000000e+00,0.000000000000000000e+00,0.000000000000000000e+00,0.000000000000000000e+00,0.000000000000000000e+00,0.000000000000000000e+00,0.000000000000000000e+00,0.000000000000000000e+00,0.000000000000000000e+00,0.000000000000000000e+00,0.000000000000000000e+00,0.000000000000000000e+00,0.000000000000000000e+00,0.000000000000000000e+00,0.000000000000000000e+00,0.000000000000000000e+00,0.000000000000000000e+00,0.000000000000000000e+00,0.000000000000000000e+00,0.000000000000000000e+00,0.000000000000000000e+00,0.000000000000000000e+00,0.000000000000000000e+00
0.000000000000000000e+00,8.330799999999999317e-03,0.000000000000000000e+00,-6.247699999999999261e-03,-9.440299999999998692e-03,5.037800000000000264e-03,-9.126299999999998649e-03,0.000000000000000000e+00,0.000000000000000000e+00,-6.222499999999999733e-03,-1.027800000000000068e-02,0.000000000000000000e+00,8.122499999999999512e-03,0.000000000000000000e+00,0.000000000000000000e+00,1.016399999999999942e-02,-5.186600000000000411e-03,5.059199999999999808e-03,0.000000000000000000e+00,-8.398100000000000356e-03,0.000000000000000000e+00,0.000000000000000000e+00,0.000000000000000000e+00,-7.620999999999999303e-03,0.000000000000000000e+00,0.000000000000000000e+00,0.000000000000000000e+00,0.000000000000000000e+00,0.000000000000000000e+00,0.000000000000000000e+00,0.000000000000000000e+00,8.307500000000000648e-03,-9.448899999999999660e-03,0.000000000000000000e+00,0.000000000000000000e+00,0.000000000000000000e+00,-7.650499999999999315e-03,0.000000000000000000e+00,-8.642700000000001423e-03,-6.853600000000000490e-03,8.279299999999999854e-03,5.634000000000000119e-03,-9.056299999999998032e-03,0.000000000000000000e+00,0.000000000000000000e+00,6.913600000000000648e-03,0.000000000000000000e+00,0.000000000000000000e+00,-1.180400000000000026e-02,0.000000000000000000e+00,0.000000000000000000e+00,-5.677899999999999614e-03,0.000000000000000000e+00,0.000000000000000000e+00,0.000000000000000000e+00,0.000000000000000000e+00,-7.738800000000000540e-03,0.000000000000000000e+00,0.000000000000000000e+00,0.000000000000000000e+00
6.048899999999999416e-03,-9.944200000000000261e-03,0.000000000000000000e+00,-7.439600000000000206e-03,-5.488199999999999502e-03,0.000000000000000000e+00,0.000000000000000000e+00,0.000000000000000000e+00,-5.428800000000000119e-03,0.000000000000000000e+00,5.199500000000000129e-03,0.000000000000000000e+00,-1.193400000000000016e-02,0.000000000000000000e+00,5.475299999999999785e-03,1.122500000000000060e-02,0.000000000000000000e+00,0.000000000000000000e+00,0.000000000000000000e+00,-9.461699999999999972e-03,-8.830500000000001543e-03,0.000000000000000000e+00,-7.620999999999999303e-03,0.000000000000000000e+00,0.000000000000000000e+00,-5.816300000000000810e-03,-6.593300000000000723e-03,-5.357500000000000283e-03,0.000000000000000000e+00,0.000000000000000000e+00,0.000000000000000000e+00,0.000000000000000000e+00,0.000000000000000000e+00,0.000000000000000000e+00,-8.654099999999999640e-03,0.000000000000000000e+00,0.000000000000000000e+00,0.000000000000000000e+00,0.000000000000000000e+00,8.754000000000001364e-03,0.000000000000000000e+00,0.000000000000000000e+00,-6.885999999999999760e-03,-9.202999999999999375e-03,0.000000000000000000e+00,-6.478399999999999610e-03,0.000000000000000000e+00,0.000000000000000000e+00,-5.597999999999999678e-03,0.000000000000000000e+00,0.000000000000000000e+00,-9.553399999999998352e-03,0.000000000000000000e+00,0.000000000000000000e+00,0.000000000000000000e+00,-6.751300000000000877e-03,5.117700000000000200e-03,-1.112699999999999974e-02,0.000000000000000000e+00,0.000000000000000000e+00
0.000000000000000000e+00,0.000000000000000000e+00,-8.114100000000000826e-03,0.000000000000000000e+00,-9.646099999999999466e-03,0.000000000000000000e+00,0.000000000000000000e+00,0.000000000000000000e+00,-1.009900000000000034e-02,-9.775200000000001249e-03,0.000000000000000000e+00,7.562000000000000145e-03,0.000000000000000000e+00,0.000000000000000000e+00,0.000000000000000000e+00,0.000000000000000000e+00,0.000000000000000000e+00,-1.094499999999999987e-02,-1.286900000000000023e-02,6.204000000000000313e-03,0.000000000000000000e+00,0.000000000000000000e+00,0.000000000000000000e+00,0.000000000000000000e+00,0.000000000000000000e+00,0.000000000000000000e+00,6.139899999999999351e-03,0.000000000000000000e+00,-6.574700000000000162e-03,-1.099300000000000103e-02,-9.683999999999999900e-03,6.624899999999999539e-03,-5.280499999999999604e-03,0.000000000000000000e+00,0.000000000000000000e+00,0.000000000000000000e+00,0.000000000000000000e+00,-8.839200000000000182e-03,-6.213000000000000640e-03,8.132099999999999745e-03,0.000000000000000000e+00,0.000000000000000000e+00,-6.162199999999999622e-03,0.000000000000000000e+00,-6.039899999999999089e-03,0.000000000000000000e+00,0.000000000000000000e+00,-5.694900000000000136e-03,0.000000000000000000e+00,-7.566599999999999715e-03,0.000000000000000000e+00,-7.818399999999999656e-03,-7.630800000000000950e-03,0.000000000000000000e+00,-1.246399999999999939e-02,0.000000000000000000e+00,-9.486299999999999594e-03,-5.737300000000000733e-03,0.000000000000000000e+00,6.095500000000000224e-03
-7.134899999999998708e-03,-8.842900000000000760e-03,-5.914899999999998978e-03,-8.077299999999999064e-03,0.000000000000000000e+00,-9.777299999999999186e-03,6.726899999999999200e-03,0.000000000000000000e+00,0.000000000000000000e+00,0.000000000000000000e+00,-8.307399999999999507e-03,0.000000000000000000e+00,-7.845699999999998855e-03,0.000000000000000000e+00,1.702700000000000047e-02,0.000000000000000000e+00,-6.547399999999999227e-03,5.006599999999999939e-03,-1.077700000000000012e-02,-8.000700000000001214e-03,7.820699999999999874e-03,0.000000000000000000e+00,0.000000000000000000e+00,-5.816300000000000810e-03,0.000000000000000000e+00,0.000000000000000000e+00,-7.212999999999999794e-03,-5.888700000000000184e-03,0.000000000000000000e+00,0.000000000000000000e+00,7.231600000000000354e-03,0.000000000000000000e+00,0.000000000000000000e+00,0.000000000000000000e+00,0.000000000000000000e+00,0.000000000000000000e+00,0.000000000000000000e+00,-1.454900000000000117e-02,-7.454699999999999868e-03,0.000000000000000000e+00,0.000000000000000000e+00,0.000000000000000000e+00,8.380099999999999702e-03,0.000000000000000000e+00,0.000000000000000000e+00,0.000000000000000000e+00,0.000000000000000000e+00,0.000000000000000000e+00,7.794599999999999619e-03,7.097599999999999916e-03,0.000000000000000000e+00,0.000000000000000000e+00,0.000000000000000000e+00,-9.315299999999998581e-03,5.444399999999999414e-03,0.000000000000000000e+00,0.000000000000000000e+00,-6.047600000000000198e-03,0.000000000000000000e+00,8.563199999999999978e-03
0.000000000000000000e+00,-8.182800000000000490e-03,0.000000000000000000e+00,-5.431399999999999423e-03,9.554700000000001039e-03,0.000000000000000000e+00,0.000000000000000000e+00,0.000000000000000000e+00,-8.307799999999998866e-03,0.000000000000000000e+00,0.000000000000000000e+00,6.715200000000000162e-03,8.615899999999999254e-03,9.175000000000000863e-03,0.000000000000000000e+00,0.000000000000000000e+00,8.377700000000000077e-03,0.000000000000000000e+00,1.400099999999999956e-02,0.000000000000000000e+00,-9.038799999999999613e-03,0.000000000000000000e+00,0.000000000000000000e+00,-6.593300000000000723e-03,6.139899999999999351e-03,-7.212999999999999794e-03,0.000000000000000000e+00,-6.254399999999999370e-03,0.000000000000000000e+00,0.000000000000000000e+00,0.000000000000000000e+00,5.039100000000000350e-03,-7.360300000000001043e-03,0.000000000000000000e+00,0.000000000000000000e+00,0.000000000000000000e+00,5.587100000000000226e-03,-5.490300000000000041e-03,1.441999999999999879e-02,0.000000000000000000e+00,0.000000000000000000e+00,-6.699299999999999179e-03,0.000000000000000000e+00,0.000000000000000000e+00,7.169899999999999884e-03,9.374200000000000935e-03,0.000000000000000000e+00,0.000000000000000000e+00,1.610200000000000173e-02,6.425199999999999835e-03,-5.725199999999999734e-03,-6.000399999999999484e-03,-9.882500000000000659e-03,6.661100000000000528e-03,0.000000000000000000e+00,1.607100000000000195e-02,0.000000000000000000e+00,0.000000000000000000e+00,-8.368999999999999703e-03,-6.860600000000000552e-03
-7.901200000000000584e-03,6.983400000000000718e-03,1.245600000000000006e-02,1.066899999999999966e-02,0.000000000000000000e+00,-1.235100000000000087e-02,0.000000000000000000e+00,-1.066500000000000087e-02,-6.141999999999999890e-03,1.074599999999999861e-02,0.000000000000000000e+00,-5.942699999999999545e-03,8.674499999999999919e-03,0.000000000000000000e+00,7.559500000000000247e-03,0.000000000000000000e+00,0.000000000000000000e+00,1.229399999999999937e-02,-5.721399999999999750e-03,6.491599999999999281e-03,0.000000000000000000e+00,0.000000000000000000e+00,0.000000000000000000e+00,-5.357500000000000283e-03,0.000000000000000000e+00,-5.888700000000000184e-03,-6.254399999999999370e-03,0.000000000000000000e+00,0.000000000000000000e+00,0.000000000000000000e+00,5.422999999999999869e-03,0.000000000000000000e+00,0.000000000000000000e+00,0.000000000000000000e+00,-6.350199999999999421e-03,0.000000000000000000e+00,0.000000000000000000e+00,-5.561600000000000744e-03,8.192899999999999489e-03,0.000000000000000000e+00,1.444600000000000051e-02,0.000000000000000000e+00,1.124700000000000005e-02,7.840899999999999606e-03,0.000000000000000000e+00,7.095699999999999057e-03,0.000000000000000000e+00,9.022300000000000458e-03,-7.792000000000000315e-03,7.789699999999999229e-03,-8.011799999999999478e-03,0.000000000000000000e+00,0.000000000000000000e+00,8.348399999999998877e-03,9.274700000000002040e-03,0.000000000000000000e+00,0.000000000000000000e+00,0.000000000000000000e+00,0.000000000000000000e+00,8.261900000000000840e-03
0.000000000000000000e+00,-6.400000000000000307e-03,0.000000000000000000e+00,7.440600000000000339e-03,0.000000000000000000e+00,-1.079699999999999931e-02,0.000000000000000000e+00,0.000000000000000000e+00,5.444199999999999734e-03,0.000000000000000000e+00,8.130399999999999433e-03,1.102900000000000061e-02,7.556100000000000490e-03,-8.176100000000000381e-03,1.137699999999999996e-02,0.000000000000000000e+00,1.006600000000000029e-02,0.000000000000000000e+00,-1.707700000000000190e-02,0.000000000000000000e+00,0.000000000000000000e+00,0.000000000000000000e+00,0.000000000000000000e+00,0.000000000000000000e+00,-6.574700000000000162e-03,0.000000000000000000e+00,0.000000000000000000e+00,0.000000000000000000e+00,0.000000000000000000e+00,-4.374700000000000116e-02,1.406800000000000064e-02,7.179999999999999750e-03,7.954199999999999812e-03,0.000000000000000000e+00,0.000000000000000000e+00,0.000000000000000000e+00,0.000000000000000000e+00,0.000000000000000000e+00,0.000000000000000000e+00,-5.176199999999999725e-03,0.000000000000000000e+00,7.962300000000000280e-03,5.103899999999999756e-03,-1.519399999999999917e-02,0.000000000000000000e+00,8.328499999999999098e-03,0.000000000000000000e+00,0.000000000000000000e+00,6.397700000000000088e-03,0.000000000000000000e+00,6.050599999999999729e-03,0.000000000000000000e+00,0.000000000000000000e+00,-9.206000000000000641e-03,0.000000000000000000e+00,-1.003300000000000025e-02,1.059200000000000072e-02,8.117300000000000904e-03,0.000000000000000000e+00,6.715200000000000162e-03
-7.388399999999999829e-03,8.476899999999999019e-03,-5.523100000000000405e-03,-1.946100000000000260e-02,0.000000000000000000e+00,-1.587900000000000075e-02,5.978699999999999987e-03,-5.045000000000000005e-03,0.000000000000000000e+00,0.000000000000000000e+00,-1.041200000000000112e-02,7.031699999999999236e-03,0.000000000000000000e+00,-9.661599999999999355e-03,8.168899999999999773e-03,7.290200000000000152e-03,0.000000000000000000e+00,-9.162899999999999864e-03,0.000000000000000000e+00,7.075499999999999325e-03,7.571200000000000152e-03,0.000000000000000000e+00,0.000000000000000000e+00,0.000000000000000000e+00,-1.099300000000000103e-02,0.000000000000000000e+00,0.000000000000000000e+00,0.000000000000000000e+00,-4.374700000000000116e-02,0.000000000000000000e+00,5.388800000000000881e-03,-5.656500000000000070e-03,-9.714600000000000318e-03,0.000000000000000000e+00,-5.639100000000000189e-03,0.000000000000000000e+00,0.000000000000000000e+00,-5.203100000000000433e-03,0.000000000000000000e+00,0.000000000000000000e+00,-9.450700000000001114e-03,0.000000000000000000e+00,-1.033599999999999970e-02,0.000000000000000000e+00,6.829099999999999407e-03,-5.372500000000000539e-03,0.000000000000000000e+00,0.000000000000000000e+00,0.000000000000000000e+00,-9.456399999999998487e-03,-8.493399999999999908e-03,-1.041800000000000018e-02,-5.413700000000000456e-03,0.000000000000000000e+00,-1.171800000000000098e-02,0.000000000000000000e+00,-2.049899999999999986e-02,0.000000000000000000e+00,-8.701199999999999213e-03,0.000000000000000000e+00
-8.163200000000000664e-03,1.053899999999999976e-02,0.000000000000000000e+00,1.098199999999999871e-02,-6.711399999999999311e-03,-9.814599999999999713e-03,0.000000000000000000e+00,0.000000000000000000e+00,8.588699999999999460e-03,0.000000000000000000e+00,0.000000000000000000e+00,6.326600000000000799e-03,0.000000000000000000e+00,-5.697800000000000260e-03,5.779699999999999595e-03,6.117100000000000315e-03,7.628600000000000138e-03,0.000000000000000000e+00,0.000000000000000000e+00,1.165000000000000063e-02,7.383499999999999439e-03,0.000000000000000000e+00,0.000000000000000000e+00,0.000000000000000000e+00,-9.683999999999999900e-03,7.231600000000000354e-03,0.000000000000000000e+00,5.422999999999999869e-03,1.406800000000000064e-02,5.388800000000000881e-03,0.000000000000000000e+00,0.000000000000000000e+00,6.021399999999999669e-03,0.000000000000000000e+00,0.000000000000000000e+00,0.000000000000000000e+00,8.629399999999998877e-03,6.034700000000000480e-03,5.056899999999999590e-03,8.856000000000001024e-03,1.027199999999999988e-02,5.264800000000000035e-03,0.000000000000000000e+00,0.000000000000000000e+00,0.000000000000000000e+00,0.000000000000000000e+00,0.000000000000000000e+00,-1.055299999999999988e-02,0.000000000000000000e+00,0.000000000000000000e+00,7.087399999999999776e-03,0.000000000000000000e+00,1.376699999999999799e-02,0.000000000000000000e+00,0.000000000000000000e+00,-9.353000000000000203e-03,1.568800000000000056e-02,0.000000000000000000e+00,0.000000000000000000e+00,0.000000000000000000e+00
8.727799999999999100e-03,0.000000000000000000e+00,0.000000000000000000e+00,0.000000000000000000e+00,0.000000000000000000e+00,-8.691700000000000120e-03,0.000000000000000000e+00,0.000000000000000000e+00,0.000000000000000000e+00,0.000000000000000000e+00,-1.139599999999999988e-02,-9.880500000000000393e-03,-8.362700000000000689e-03,0.000000000000000000e+00,6.719199999999998958e-03,0.000000000000000000e+00,0.000000000000000000e+00,0.000000000000000000e+00,0.000000000000000000e+00,8.879299999999999693e-03,0.000000000000000000e+00,0.000000000000000000e+00,8.307500000000000648e-03,0.000000000000000000e+00,6.624899999999999539e-03,0.000000000000000000e+00,5.039100000000000350e-03,0.000000000000000000e+00,7.179999999999999750e-03,-5.656500000000000070e-03,0.000000000000000000e+00,0.000000000000000000e+00,0.000000000000000000e+00,0.000000000000000000e+00,-5.804399999999999490e-03,0.000000000000000000e+00,0.000000000000000000e+00,-5.675000000000000357e-03,-9.757999999999999313e-03,0.000000000000000000e+00,0.000000000000000000e+00,-1.057800000000000060e-02,-9.330700000000000799e-03,0.000000000000000000e+00,0.000000000000000000e+00,0.000000000000000000e+00,0.000000000000000000e+00,0.000000000000000000e+00,0.000000000000000000e+00,-5.491900000000000080e-03,-7.891699999999999757e-03,0.000000000000000000e+00,0.000000000000000000e+00,7.107699999999999782e-03,0.000000000000000000e+00,0.000000000000000000e+00,0.000000000000000000e+00,0.000000000000000000e+00,6.679500000000000541e-03,0.000000000000000000e+00
0.000000000000000000e+00,0.000000000000000000e+00,0.000000000000000000e+00,-1.069800000000000091e-02,0.000000000000000000e+00,0.000000000000000000e+00,0.000000000000000000e+00,0.000000000000000000e+00,0.000000000000000000e+00,-7.202700000000000248e-03,0.000000000000000000e+00,0.000000000000000000e+00,0.000000000000000000e+00,0.000000000000000000e+00,1.136299999999999984e-02,6.650799999999999247e-03,0.000000000000000000e+00,0.000000000000000000e+00,-1.638000000000000220e-02,0.000000000000000000e+00,0.000000000000000000e+00,0.000000000000000000e+00,-9.448899999999999660e-03,0.000000000000000000e+00,-5.280499999999999604e-03,0.000000000000000000e+00,-7.360300000000001043e-03,0.000000000000000000e+00,7.954199999999999812e-03,-9.714600000000000318e-03,6.021399999999999669e-03,0.000000000000000000e+00,0.000000000000000000e+00,0.000000000000000000e+00,0.000000000000000000e+00,0.000000000000000000e+00,0.000000000000000000e+00,5.122400000000000043e-03,-9.196899999999999173e-03,0.000000000000000000e+00,-6.668799999999999902e-03,0.000000000000000000e+00,8.073399999999999674e-03,-8.973999999999999339e-03,0.000000000000000000e+00,0.000000000000000000e+00,0.000000000000000000e+00,0.000000000000000000e+00,0.000000000000000000e+00,0.000000000000000000e+00,0.000000000000000000e+00,0.000000000000000000e+00,0.000000000000000000e+00,0.000000000000000000e+00,0.000000000000000000e+00,1.134600000000000018e-02,-1.004999999999999991e-02,5.186199999999999317e-03,0.000000000000000000e+00,0.000000000000000000e+00
0.000000000000000000e+00,0.000000000000000000e+00,0.000000000000000000e+00,0.000000000000000000e+00,0.000000000000000000e+00,0.000000000000000000e+00,0.000000000000000000e+00,0.000000000000000000e+00,0.000000000000000000e+00,0.000000000000000000e+00,0.000000000000000000e+00,0.000000000000000000e+00,0.000000000000000000e+00,0.000000000000000000e+00,0.000000000000000000e+00,0.000000000000000000e+00,0.000000000000000000e+00,0.000000000000000000e+00,0.000000000000000000e+00,0.000000000000000000e+00,0.000000000000000000e+00,0.000000000000000000e+00,0.000000000000000000e+00,0.000000000000000000e+00,0.000000000000000000e+00,0.000000000000000000e+00,0.000000000000000000e+00,0.000000000000000000e+00,0.000000000000000000e+00,0.000000000000000000e+00,0.000000000000000000e+00,0.000000000000000000e+00,0.000000000000000000e+00,0.000000000000000000e+00,0.000000000000000000e+00,0.000000000000000000e+00,0.000000000000000000e+00,0.000000000000000000e+00,0.000000000000000000e+00,0.000000000000000000e+00,0.000000000000000000e+00,0.000000000000000000e+00,0.000000000000000000e+00,0.000000000000000000e+00,0.000000000000000000e+00,0.000000000000000000e+00,0.000000000000000000e+00,0.000000000000000000e+00,0.000000000000000000e+00,0.000000000000000000e+00,0.000000000000000000e+00,0.000000000000000000e+00,0.000000000000000000e+00,0.000000000000000000e+00,0.000000000000000000e+00,0.000000000000000000e+00,0.000000000000000000e+00,0.000000000000000000e+00,0.000000000000000000e+00,0.000000000000000000e+00
-9.430299999999999100e-03,0.000000000000000000e+00,5.063800000000000245e-03,0.000000000000000000e+00,5.085100000000000384e-03,0.000000000000000000e+00,0.000000000000000000e+00,0.000000000000000000e+00,-6.729800000000000192e-03,-5.625800000000000245e-03,7.710400000000000066e-03,0.000000000000000000e+00,0.000000000000000000e+00,0.000000000000000000e+00,6.068199999999999289e-03,-6.224399999999999725e-03,-5.149599999999999837e-03,-5.150699999999999376e-03,0.000000000000000000e+00,0.000000000000000000e+00,0.000000000000000000e+00,0.000000000000000000e+00,0.000000000000000000e+00,-8.654099999999999640e-03,0.000000000000000000e+00,0.000000000000000000e+00,0.000000000000000000e+00,-6.350199999999999421e-03,0.000000000000000000e+00,-5.639100000000000189e-03,0.000000000000000000e+00,-5.804399999999999490e-03,0.000000000000000000e+00,0.000000000000000000e+00,0.000000000000000000e+00,0.000000000000000000e+00,8.041299999999999490e-03,-8.776799999999997798e-03,6.599400000000000058e-03,0.000000000000000000e+00,0.000000000000000000e+00,1.186800000000000008e-02,0.000000000000000000e+00,0.000000000000000000e+00,0.000000000000000000e+00,0.000000000000000000e+00,0.000000000000000000e+00,-9.632999999999999202e-03,-8.376200000000000312e-03,-5.770299999999999908e-03,0.000000000000000000e+00,0.000000000000000000e+00,0.000000000000000000e+00,8.865799999999998335e-03,1.019300000000000067e-02,0.000000000000000000e+00,0.000000000000000000e+00,0.000000000000000000e+00,0.000000000000000000e+00,6.262100000000000478e-03
0.000000000000000000e+00,0.000000000000000000e+00,0.000000000000000000e+00,0.000000000000000000e+00,0.000000000000000000e+00,0.000000000000000000e+00,0.000000000000000000e+00,0.000000000000000000e+00,0.000000000000000000e+00,0.000000000000000000e+00,0.000000000000000000e+00,0.000000000000000000e+00,0.000000000000000000e+00,0.000000000000000000e+00,0.000000000000000000e+00,0.000000000000000000e+00,0.000000000000000000e+00,0.000000000000000000e+00,0.000000000000000000e+00,0.000000000000000000e+00,0.000000000000000000e+00,0.000000000000000000e+00,0.000000000000000000e+00,0.000000000000000000e+00,0.000000000000000000e+00,0.000000000000000000e+00,0.000000000000000000e+00,0.000000000000000000e+00,0.000000000000000000e+00,0.000000000000000000e+00,0.000000000000000000e+00,0.000000000000000000e+00,0.000000000000000000e+00,0.000000000000000000e+00,0.000000000000000000e+00,0.000000000000000000e+00,0.000000000000000000e+00,0.000000000000000000e+00,0.000000000000000000e+00,0.000000000000000000e+00,0.000000000000000000e+00,0.000000000000000000e+00,0.000000000000000000e+00,0.000000000000000000e+00,0.000000000000000000e+00,0.000000000000000000e+00,0.000000000000000000e+00,0.000000000000000000e+00,0.000000000000000000e+00,0.000000000000000000e+00,0.000000000000000000e+00,0.000000000000000000e+00,0.000000000000000000e+00,0.000000000000000000e+00,0.000000000000000000e+00,0.000000000000000000e+00,0.000000000000000000e+00,0.000000000000000000e+00,0.000000000000000000e+00,0.000000000000000000e+00
0.000000000000000000e+00,0.000000000000000000e+00,-6.770399999999999335e-03,-8.163800000000000570e-03,0.000000000000000000e+00,-7.904300000000001256e-03,0.000000000000000000e+00,-8.906100000000000128e-03,0.000000000000000000e+00,0.000000000000000000e+00,-1.025000000000000043e-02,0.000000000000000000e+00,0.000000000000000000e+00,0.000000000000000000e+00,0.000000000000000000e+00,7.946699999999999250e-03,0.000000000000000000e+00,0.000000000000000000e+00,0.000000000000000000e+00,0.000000000000000000e+00,0.000000000000000000e+00,0.000000000000000000e+00,-7.650499999999999315e-03,0.000000000000000000e+00,0.000000000000000000e+00,0.000000000000000000e+00,5.587100000000000226e-03,0.000000000000000000e+00,0.000000000000000000e+00,0.000000000000000000e+00,8.629399999999998877e-03,0.000000000000000000e+00,0.000000000000000000e+00,0.000000000000000000e+00,8.041299999999999490e-03,0.000000000000000000e+00,0.000000000000000000e+00,0.000000000000000000e+00,-7.648499999999999917e-03,0.000000000000000000e+00,8.965799999999999464e-03,0.000000000000000000e+00,0.000000000000000000e+00,-1.015399999999999983e-02,-5.596399999999999639e-03,0.000000000000000000e+00,0.000000000000000000e+00,0.000000000000000000e+00,0.000000000000000000e+00,0.000000000000000000e+00,0.000000000000000000e+00,0.000000000000000000e+00,0.000000000000000000e+00,0.000000000000000000e+00,0.000000000000000000e+00,0.000000000000000000e+00,0.000000000000000000e+00,0.000000000000000000e+00,0.000000000000000000e+00,0.000000000000000000e+00
0.000000000000000000e+00,0.000000000000000000e+00,6.228299999999999982e-03,-1.246200000000000085e-02,-5.088899999999999500e-03,-9.226500000000000326e-03,0.000000000000000000e+00,0.000000000000000000e+00,-7.488800000000000318e-03,0.000000000000000000e+00,0.000000000000000000e+00,7.338400000000000131e-03,0.000000000000000000e+00,0.000000000000000000e+00,0.000000000000000000e+00,1.436500000000000103e-02,-7.649099999999999823e-03,0.000000000000000000e+00,-1.528899999999999877e-02,0.000000000000000000e+00,0.000000000000000000e+00,0.000000000000000000e+00,0.000000000000000000e+00,0.000000000000000000e+00,-8.839200000000000182e-03,-1.454900000000000117e-02,-5.490300000000000041e-03,-5.561600000000000744e-03,0.000000000000000000e+00,-5.203100000000000433e-03,6.034700000000000480e-03,-5.675000000000000357e-03,5.122400000000000043e-03,0.000000000000000000e+00,-8.776799999999997798e-03,0.000000000000000000e+00,0.000000000000000000e+00,0.000000000000000000e+00,-1.138499999999999929e-02,8.193600000000000536e-03,7.383999999999999939e-03,-6.397899999999999768e-03,0.000000000000000000e+00,0.000000000000000000e+00,-1.055799999999999968e-02,0.000000000000000000e+00,0.000000000000000000e+00,7.429000000000000707e-03,6.406300000000000189e-03,-8.109200000000000436e-03,0.000000000000000000e+00,-9.200299999999998063e-03,0.000000000000000000e+00,5.565399999999999861e-03,0.000000000000000000e+00,-1.057699999999999960e-02,0.000000000000000000e+00,0.000000000000000000e+00,0.000000000000000000e+00,1.380500000000000130e-02
0.000000000000000000e+00,0.000000000000000000e+00,0.000000000000000000e+00,-1.181600000000000011e-02,0.000000000000000000e+00,0.000000000000000000e+00,-7.029600000000000432e-03,0.000000000000000000e+00,0.000000000000000000e+00,0.000000000000000000e+00,-4.545899999999999386e-01,0.000000000000000000e+00,0.000000000000000000e+00,0.000000000000000000e+00,0.000000000000000000e+00,1.218600000000000065e-02,0.000000000000000000e+00,0.000000000000000000e+00,-7.842100000000001153e-03,8.661799999999999014e-03,0.000000000000000000e+00,0.000000000000000000e+00,-8.642700000000001423e-03,0.000000000000000000e+00,-6.213000000000000640e-03,-7.454699999999999868e-03,1.441999999999999879e-02,8.192899999999999489e-03,0.000000000000000000e+00,0.000000000000000000e+00,5.056899999999999590e-03,-9.757999999999999313e-03,-9.196899999999999173e-03,0.000000000000000000e+00,6.599400000000000058e-03,0.000000000000000000e+00,-7.648499999999999917e-03,-1.138499999999999929e-02,0.000000000000000000e+00,8.753700000000001410e-03,1.004099999999999958e-02,0.000000000000000000e+00,0.000000000000000000e+00,0.000000000000000000e+00,0.000000000000000000e+00,0.000000000000000000e+00,0.000000000000000000e+00,7.523000000000000173e-03,-1.330399999999999985e-02,0.000000000000000000e+00,0.000000000000000000e+00,0.000000000000000000e+00,-7.353699999999999473e-03,5.639400000000000142e-03,0.000000000000000000e+00,-1.833600000000000160e-02,0.000000000000000000e+00,-7.328799999999999898e-03,8.785400000000000501e-03,0.000000000000000000e+00
0.000000000000000000e+00,0.000000000000000000e+00,0.000000000000000000e+00,0.000000000000000000e+00,0.000000000000000000e+00,-5.745499999999999739e-03,0.000000000000000000e+00,6.400900000000000166e-03,5.711199999999999610e-03,0.000000000000000000e+00,0.000000000000000000e+00,0.000000000000000000e+00,0.000000000000000000e+00,0.000000000000000000e+00,0.000000000000000000e+00,7.494400000000000020e-03,1.023299999999999904e-02,-6.693600000000000938e-03,-7.500499999999999355e-03,-8.983899999999999525e-03,-1.000400000000000074e-02,0.000000000000000000e+00,-6.853600000000000490e-03,8.754000000000001364e-03,8.132099999999999745e-03,0.000000000000000000e+00,0.000000000000000000e+00,0.000000000000000000e+00,-5.176199999999999725e-03,0.000000000000000000e+00,8.856000000000001024e-03,0.000000000000000000e+00,0.000000000000000000e+00,0.000000000000000000e+00,0.000000000000000000e+00,0.000000000000000000e+00,0.000000000000000000e+00,8.193600000000000536e-03,8.753700000000001410e-03,0.000000000000000000e+00,0.000000000000000000e+00,0.000000000000000000e+00,0.000000000000000000e+00,0.000000000000000000e+00,0.000000000000000000e+00,0.000000000000000000e+00,0.000000000000000000e+00,0.000000000000000000e+00,0.000000000000000000e+00,0.000000000000000000e+00,0.000000000000000000e+00,0.000000000000000000e+00,-8.164899999999999242e-03,-6.598500000000000199e-03,-5.056499999999999363e-03,0.000000000000000000e+00,-1.011599999999999999e-02,8.809100000000000263e-03,6.657800000000000176e-03,7.698100000000001122e-03
-9.341000000000000345e-03,0.000000000000000000e+00,1.001500000000000133e-02,1.565000000000000072e-02,8.160600000000000492e-03,5.746500000000000739e-03,9.294200000000000725e-03,6.051300000000000776e-03,8.297099999999999961e-03,9.125499999999999931e-03,0.000000000000000000e+00,6.995399999999999709e-03,0.000000000000000000e+00,0.000000000000000000e+00,1.297599999999999969e-02,-9.038400000000000253e-03,9.248299999999999230e-03,1.124400000000000052e-02,-5.524899999999999256e-03,7.642900000000000214e-03,7.020399999999999557e-03,0.000000000000000000e+00,8.279299999999999854e-03,0.000000000000000000e+00,0.000000000000000000e+00,0.000000000000000000e+00,0.000000000000000000e+00,1.444600000000000051e-02,0.000000000000000000e+00,-9.450700000000001114e-03,1.027199999999999988e-02,0.000000000000000000e+00,-6.668799999999999902e-03,0.000000000000000000e+00,0.000000000000000000e+00,0.000000000000000000e+00,8.965799999999999464e-03,7.383999999999999939e-03,1.004099999999999958e-02,0.000000000000000000e+00,0.000000000000000000e+00,0.000000000000000000e+00,0.000000000000000000e+00,-2.093400000000000122e-02,8.114800000000000138e-03,1.362299999999999969e-02,0.000000000000000000e+00,-5.452099999999999655e-03,0.000000000000000000e+00,1.138700000000000129e-02,0.000000000000000000e+00,1.456699999999999835e-02,0.000000000000000000e+00,0.000000000000000000e+00,8.196099999999999566e-03,-6.784699999999999412e-03,0.000000000000000000e+00,8.274899999999999964e-03,-6.325400000000000120e-03,-7.326100000000001188e-03
0.000000000000000000e+00,1.023700000000000131e-02,0.000000000000000000e+00,5.103299999999999850e-03,0.000000000000000000e+00,0.000000000000000000e+00,0.000000000000000000e+00,-1.055900000000000068e-02,0.000000000000000000e+00,9.124999999999999431e-03,9.398200000000000651e-03,0.000000000000000000e+00,8.118300000000000169e-03,0.000000000000000000e+00,0.000000000000000000e+00,0.000000000000000000e+00,-6.774399999999999866e-03,1.175499999999999982e-02,-1.359300000000000092e-02,7.657500000000000244e-03,0.000000000000000000e+00,0.000000000000000000e+00,5.634000000000000119e-03,0.000000000000000000e+00,0.000000000000000000e+00,0.000000000000000000e+00,-6.699299999999999179e-03,0.000000000000000000e+00,7.962300000000000280e-03,0.000000000000000000e+00,5.264800000000000035e-03,-1.057800000000000060e-02,0.000000000000000000e+00,0.000000000000000000e+00,1.186800000000000008e-02,0.000000000000000000e+00,0.000000000000000000e+00,-6.397899999999999768e-03,0.000000000000000000e+00,0.000000000000000000e+00,0.000000000000000000e+00,0.000000000000000000e+00,-5.644099999999999985e-03,0.000000000000000000e+00,0.000000000000000000e+00,8.211500000000000049e-03,0.000000000000000000e+00,-8.980600000000000041e-03,-5.951600000000000466e-03,0.000000000000000000e+00,8.648000000000001172e-03,0.000000000000000000e+00,0.000000000000000000e+00,-9.374200000000000935e-03,0.000000000000000000e+00,6.844199999999999069e-03,8.392200000000000701e-03,0.000000000000000000e+00,0.000000000000000000e+00,0.000000000000000000e+00
7.201999999999999201e-03,0.000000000000000000e+00,1.281299999999999974e-02,1.155800000000000056e-02,-8.666000000000000092e-03,-5.949899999999999287e-03,0.000000000000000000e+00,0.000000000000000000e+00,0.000000000000000000e+00,0.000000000000000000e+00,0.000000000000000000e+00,0.000000000000000000e+00,0.000000000000000000e+00,5.713600000000000102e-03,0.000000000000000000e+00,0.000000000000000000e+00,1.014900000000000004e-02,0.000000000000000000e+00,0.000000000000000000e+00,0.000000000000000000e+00,0.000000000000000000e+00,0.000000000000000000e+00,-9.056299999999998032e-03,-6.885999999999999760e-03,-6.162199999999999622e-03,8.380099999999999702e-03,0.000000000000000000e+00,1.124700000000000005e-02,5.103899999999999756e-03,-1.033599999999999970e-02,0.000000000000000000e+00,-9.330700000000000799e-03,8.073399999999999674e-03,0.000000000000000000e+00,0.000000000000000000e+00,0.000000000000000000e+00,0.000000000000000000e+00,0.000000000000000000e+00,0.000000000000000000e+00,0.000000000000000000e+00,0.000000000000000000e+00,-5.644099999999999985e-03,0.000000000000000000e+00,8.461899999999999630e-03,0.000000000000000000e+00,-5.742600000000000482e-03,0.000000000000000000e+00,6.912500000000000241e-03,0.000000000000000000e+00,0.000000000000000000e+00,6.837399999999999554e-03,-7.590399999999999751e-03,1.222099999999999922e-02,0.000000000000000000e+00,1.104400000000000000e-02,-1.118599999999999976e-02,-5.343399999999999886e-03,-8.057500000000000426e-03,0.000000000000000000e+00,-7.632500000000000395e-03
-5.603300000000000294e-03,6.352399999999999367e-03,0.000000000000000000e+00,-9.799700000000001465e-03,7.257200000000000109e-03,0.000000000000000000e+00,0.000000000000000000e+00,0.000000000000000000e+00,0.000000000000000000e+00,-7.794599999999999619e-03,-6.035399999999999793e-03,9.536799999999999791e-03,0.000000000000000000e+00,0.000000000000000000e+00,1.551800000000000054e-02,8.463600000000001677e-03,6.329600000000000330e-03,8.028799999999999132e-03,0.000000000000000000e+00,-9.998399999999999302e-03,0.000000000000000000e+00,0.000000000000000000e+00,0.000000000000000000e+00,-9.202999999999999375e-03,0.000000000000000000e+00,0.000000000000000000e+00,0.000000000000000000e+00,7.840899999999999606e-03,-1.519399999999999917e-02,0.000000000000000000e+00,0.000000000000000000e+00,0.000000000000000000e+00,-8.973999999999999339e-03,0.000000000000000000e+00,0.000000000000000000e+00,0.000000000000000000e+00,-1.015399999999999983e-02,0.000000000000000000e+00,0.000000000000000000e+00,0.000000000000000000e+00,-2.093400000000000122e-02,0.000000000000000000e+00,8.461899999999999630e-03,0.000000000000000000e+00,9.019400000000000334e-03,0.000000000000000000e+00,0.000000000000000000e+00,0.000000000000000000e+00,-7.291899999999999597e-03,0.000000000000000000e+00,0.000000000000000000e+00,-1.050799999999999998e-02,6.361799999999999920e-03,5.357199999999999462e-03,-9.604600000000001331e-03,0.000000000000000000e+00,-1.226200000000000033e-02,-7.903900000000000162e-03,0.000000000000000000e+00,0.000000000000000000e+00
-5.725399999999999413e-03,-8.464700000000000349e-03,0.000000000000000000e+00,-5.449100000000000991e-03,0.000000000000000000e+00,0.000000000000000000e+00,0.000000000000000000e+00,0.000000000000000000e+00,0.000000000000000000e+00,0.000000000000000000e+00,7.278699999999999060e-03,0.000000000000000000e+00,0.000000000000000000e+00,0.000000000000000000e+00,1.194100000000000023e-02,0.000000000000000000e+00,0.000000000000000000e+00,9.304700000000000817e-03,7.136799999999999568e-03,0.000000000000000000e+00,0.000000000000000000e+00,0.000000000000000000e+00,0.000000000000000000e+00,0.000000000000000000e+00,-6.039899999999999089e-03,0.000000000000000000e+00,7.169899999999999884e-03,0.000000000000000000e+00,0.000000000000000000e+00,6.829099999999999407e-03,0.000000000000000000e+00,0.000000000000000000e+00,0.000000000000000000e+00,0.000000000000000000e+00,0.000000000000000000e+00,0.000000000000000000e+00,-5.596399999999999639e-03,-1.055799999999999968e-02,0.000000000000000000e+00,0.000000000000000000e+00,8.114800000000000138e-03,0.000000000000000000e+00,0.000000000000000000e+00,9.019400000000000334e-03,0.000000000000000000e+00,8.751600000000000004e-03,0.000000000000000000e+00,0.000000000000000000e+00,-7.277600000000001255e-03,0.000000000000000000e+00,0.000000000000000000e+00,7.262600000000000132e-03,5.387199999999999975e-03,5.569300000000000118e-03,0.000000000000000000e+00,-5.176600000000000819e-03,6.198600000000000290e-03,9.739799999999999847e-03,0.000000000000000000e+00,9.598000000000000628e-03
0.000000000000000000e+00,-5.352199999999999666e-03,-5.480399999999999855e-03,0.000000000000000000e+00,0.000000000000000000e+00,6.087600000000000303e-03,6.503799999999999686e-03,-7.520699999999999087e-03,7.715899999999999495e-03,0.000000000000000000e+00,0.000000000000000000e+00,0.000000000000000000e+00,6.188199999999999604e-03,0.000000000000000000e+00,0.000000000000000000e+00,0.000000000000000000e+00,1.225300000000000000e-02,1.030100000000000113e-02,0.000000000000000000e+00,0.000000000000000000e+00,0.000000000000000000e+00,0.000000000000000000e+00,6.913600000000000648e-03,-6.478399999999999610e-03,0.000000000000000000e+00,0.000000000000000000e+00,9.374200000000000935e-03,7.095699999999999057e-03,8.328499999999999098e-03,-5.372500000000000539e-03,0.000000000000000000e+00,0.000000000000000000e+00,0.000000000000000000e+00,0.000000000000000000e+00,0.000000000000000000e+00,0.000000000000000000e+00,0.000000000000000000e+00,0.000000000000000000e+00,0.000000000000000000e+00,0.000000000000000000e+00,1.362299999999999969e-02,8.211500000000000049e-03,-5.742600000000000482e-03,0.000000000000000000e+00,8.751600000000000004e-03,0.000000000000000000e+00,0.000000000000000000e+00,9.560199999999999601e-03,0.000000000000000000e+00,0.000000000000000000e+00,1.081099999999999943e-02,0.000000000000000000e+00,0.000000000000000000e+00,-9.291699999999999959e-03,0.000000000000000000e+00,0.000000000000000000e+00,0.000000000000000000e+00,-5.484600000000000065e-03,0.000000000000000000e+00,-6.295700000000000428e-03
0.000000000000000000e+00,0.000000000000000000e+00,0.000000000000000000e+00,0.000000000000000000e+00,0.000000000000000000e+00,0.000000000000000000e+00,0.000000000000000000e+00,0.000000000000000000e+00,0.000000000000000000e+00,0.000000000000000000e+00,0.000000000000000000e+00,0.000000000000000000e+00,0.000000000000000000e+00,0.000000000000000000e+00,0.000000000000000000e+00,0.000000000000000000e+00,0.000000000000000000e+00,0.000000000000000000e+00,0.000000000000000000e+00,0.000000000000000000e+00,0.000000000000000000e+00,0.000000000000000000e+00,0.000000000000000000e+00,0.000000000000000000e+00,0.000000000000000000e+00,0.000000000000000000e+00,0.000000000000000000e+00,0.000000000000000000e+00,0.000000000000000000e+00,0.000000000000000000e+00,0.000000000000000000e+00,0.000000000000000000e+00,0.000000000000000000e+00,0.000000000000000000e+00,0.000000000000000000e+00,0.000000000000000000e+00,0.000000000000000000e+00,0.000000000000000000e+00,0.000000000000000000e+00,0.000000000000000000e+00,0.000000000000000000e+00,0.000000000000000000e+00,0.000000000000000000e+00,0.000000000000000000e+00,0.000000000000000000e+00,0.000000000000000000e+00,0.000000000000000000e+00,0.000000000000000000e+00,0.000000000000000000e+00,0.000000000000000000e+00,0.000000000000000000e+00,0.000000000000000000e+00,0.000000000000000000e+00,0.000000000000000000e+00,0.000000000000000000e+00,0.000000000000000000e+00,0.000000000000000000e+00,0.000000000000000000e+00,0.000000000000000000e+00,0.000000000000000000e+00
5.903699999999999573e-03,6.859000000000000513e-03,0.000000000000000000e+00,0.000000000000000000e+00,-5.158799999999999844e-03,7.316099999999999860e-03,-7.037300000000000673e-03,6.856300000000000068e-03,0.000000000000000000e+00,7.889900000000000038e-03,-7.263699999999999671e-03,0.000000000000000000e+00,0.000000000000000000e+00,0.000000000000000000e+00,0.000000000000000000e+00,0.000000000000000000e+00,0.000000000000000000e+00,-1.015300000000000057e-02,0.000000000000000000e+00,-7.596200000000000001e-03,0.000000000000000000e+00,0.000000000000000000e+00,0.000000000000000000e+00,0.000000000000000000e+00,-5.694900000000000136e-03,0.000000000000000000e+00,0.000000000000000000e+00,9.022300000000000458e-03,0.000000000000000000e+00,0.000000000000000000e+00,-1.055299999999999988e-02,0.000000000000000000e+00,0.000000000000000000e+00,0.000000000000000000e+00,-9.632999999999999202e-03,0.000000000000000000e+00,0.000000000000000000e+00,7.429000000000000707e-03,7.523000000000000173e-03,0.000000000000000000e+00,-5.452099999999999655e-03,-8.980600000000000041e-03,6.912500000000000241e-03,0.000000000000000000e+00,0.000000000000000000e+00,9.560199999999999601e-03,0.000000000000000000e+00,0.000000000000000000e+00,0.000000000000000000e+00,0.000000000000000000e+00,8.154200000000000337e-03,0.000000000000000000e+00,0.000000000000000000e+00,6.487600000000000484e-03,-5.597600000000000318e-03,-1.006100000000000050e-02,0.000000000000000000e+00,0.000000000000000000e+00,0.000000000000000000e+00,0.000000000000000000e+00
-9.637999999999998998e-03,6.106499999999999949e-03,5.567700000000000080e-03,-9.862799999999997957e-03,0.000000000000000000e+00,0.000000000000000000e+00,0.000000000000000000e+00,0.000000000000000000e+00,0.000000000000000000e+00,0.000000000000000000e+00,-2.338099999999999901e-02,0.000000000000000000e+00,-9.480000000000000579e-03,0.000000000000000000e+00,1.107799999999999931e-02,-7.473999999999999741e-03,8.819099999999999856e-03,-5.781600000000000454e-03,-6.726199999999999887e-03,-6.161100000000000083e-03,6.305300000000000661e-03,0.000000000000000000e+00,-1.180400000000000026e-02,-5.597999999999999678e-03,0.000000000000000000e+00,7.794599999999999619e-03,1.610200000000000173e-02,-7.792000000000000315e-03,6.397700000000000088e-03,0.000000000000000000e+00,0.000000000000000000e+00,0.000000000000000000e+00,0.000000000000000000e+00,0.000000000000000000e+00,-8.376200000000000312e-03,0.000000000000000000e+00,0.000000000000000000e+00,6.406300000000000189e-03,-1.330399999999999985e-02,0.000000000000000000e+00,0.000000000000000000e+00,-5.951600000000000466e-03,0.000000000000000000e+00,-7.291899999999999597e-03,-7.277600000000001255e-03,0.000000000000000000e+00,0.000000000000000000e+00,0.000000000000000000e+00,0.000000000000000000e+00,6.474999999999999853e-03,0.000000000000000000e+00,-7.419700000000000427e-03,0.000000000000000000e+00,6.003100000000000797e-03,0.000000000000000000e+00,-2.446999999999999870e-02,1.021400000000000086e-02,9.177100000000000535e-03,0.000000000000000000e+00,1.091600000000000036e-02
-9.747499999999999221e-03,0.000000000000000000e+00,0.000000000000000000e+00,0.000000000000000000e+00,9.400099999999999775e-03,0.000000000000000000e+00,9.301200000000000787e-03,-8.847399999999998321e-03,0.000000000000000000e+00,0.000000000000000000e+00,8.475500000000000395e-03,-6.983899999999999483e-03,0.000000000000000000e+00,0.000000000000000000e+00,1.240300000000000083e-02,-7.051199999999999656e-03,0.000000000000000000e+00,1.302299999999999812e-02,-1.419699999999999955e-02,0.000000000000000000e+00,0.000000000000000000e+00,0.000000000000000000e+00,0.000000000000000000e+00,0.000000000000000000e+00,-7.566599999999999715e-03,7.097599999999999916e-03,6.425199999999999835e-03,7.789699999999999229e-03,0.000000000000000000e+00,-9.456399999999998487e-03,0.000000000000000000e+00,-5.491900000000000080e-03,0.000000000000000000e+00,0.000000000000000000e+00,-5.770299999999999908e-03,0.000000000000000000e+00,0.000000000000000000e+00,-8.109200000000000436e-03,0.000000000000000000e+00,0.000000000000000000e+00,1.138700000000000129e-02,0.000000000000000000e+00,0.000000000000000000e+00,0.000000000000000000e+00,0.000000000000000000e+00,0.000000000000000000e+00,0.000000000000000000e+00,0.000000000000000000e+00,6.474999999999999853e-03,0.000000000000000000e+00,-8.265500000000000277e-03,0.000000000000000000e+00,1.135000000000000071e-02,0.000000000000000000e+00,6.358800000000000389e-03,0.000000000000000000e+00,5.442999999999999922e-03,9.645799999999999513e-03,0.000000000000000000e+00,0.000000000000000000e+00
-6.246699999999999996e-03,0.000000000000000000e+00,5.981199999999999885e-03,5.794699999999999851e-03,-7.755100000000000014e-03,5.331600000000000575e-03,-5.212200000000000166e-03,-1.241299999999999869e-02,0.000000000000000000e+00,-7.500700000000000769e-03,-9.833599999999999633e-03,0.000000000000000000e+00,0.000000000000000000e+00,0.000000000000000000e+00,0.000000000000000000e+00,6.869899999999999965e-03,-6.412899999999999157e-03,8.936499999999999999e-03,0.000000000000000000e+00,0.000000000000000000e+00,0.000000000000000000e+00,0.000000000000000000e+00,0.000000000000000000e+00,0.000000000000000000e+00,0.000000000000000000e+00,0.000000000000000000e+00,-5.725199999999999734e-03,-8.011799999999999478e-03,6.050599999999999729e-03,-8.493399999999999908e-03,7.087399999999999776e-03,-7.891699999999999757e-03,0.000000000000000000e+00,0.000000000000000000e+00,0.000000000000000000e+00,0.000000000000000000e+00,0.000000000000000000e+00,0.000000000000000000e+00,0.000000000000000000e+00,0.000000000000000000e+00,0.000000000000000000e+00,8.648000000000001172e-03,6.837399999999999554e-03,0.000000000000000000e+00,0.000000000000000000e+00,1.081099999999999943e-02,0.000000000000000000e+00,8.154200000000000337e-03,0.000000000000000000e+00,-8.265500000000000277e-03,0.000000000000000000e+00,6.708700000000000600e-03,0.000000000000000000e+00,0.000000000000000000e+00,9.902799999999999797e-03,0.000000000000000000e+00,0.000000000000000000e+00,-7.490699999999999442e-03,0.000000000000000000e+00,1.193400000000000016e-02
0.000000000000000000e+00,0.000000000000000000e+00,-5.536800000000000575e-03,-5.557100000000000581e-03,0.000000000000000000e+00,0.000000000000000000e+00,0.000000000000000000e+00,0.000000000000000000e+00,0.000000000000000000e+00,9.589700000000001348e-03,1.086999999999999945e-02,0.000000000000000000e+00,0.000000000000000000e+00,0.000000000000000000e+00,0.000000000000000000e+00,0.000000000000000000e+00,7.052600000000000882e-03,1.017200000000000049e-02,0.000000000000000000e+00,-5.343399999999999886e-03,9.740399999999999753e-03,0.000000000000000000e+00,-5.677899999999999614e-03,-9.553399999999998352e-03,-7.818399999999999656e-03,0.000000000000000000e+00,-6.000399999999999484e-03,0.000000000000000000e+00,0.000000000000000000e+00,-1.041800000000000018e-02,0.000000000000000000e+00,0.000000000000000000e+00,0.000000000000000000e+00,0.000000000000000000e+00,0.000000000000000000e+00,0.000000000000000000e+00,0.000000000000000000e+00,-9.200299999999998063e-03,0.000000000000000000e+00,0.000000000000000000e+00,1.456699999999999835e-02,0.000000000000000000e+00,-7.590399999999999751e-03,-1.050799999999999998e-02,7.262600000000000132e-03,0.000000000000000000e+00,0.000000000000000000e+00,0.000000000000000000e+00,-7.419700000000000427e-03,0.000000000000000000e+00,6.708700000000000600e-03,0.000000000000000000e+00,1.309300000000000047e-02,-5.679200000000000567e-03,0.000000000000000000e+00,-6.051600000000000729e-03,0.000000000000000000e+00,0.000000000000000000e+00,8.833499999999999339e-03,5.839800000000000026e-03
0.000000000000000000e+00,0.000000000000000000e+00,6.288300000000000139e-03,0.000000000000000000e+00,6.769800000000001164e-03,5.751100000000000309e-03,1.178799999999999987e-02,6.603799999999999948e-03,-8.774700000000001596e-03,0.000000000000000000e+00,0.000000000000000000e+00,-5.255799999999999708e-03,-6.858100000000000654e-03,0.000000000000000000e+00,-1.053799999999999876e-02,8.416299999999999823e-03,0.000000000000000000e+00,0.000000000000000000e+00,0.000000000000000000e+00,8.500600000000000517e-03,6.154100000000000022e-03,0.000000000000000000e+00,0.000000000000000000e+00,0.000000000000000000e+00,-7.630800000000000950e-03,0.000000000000000000e+00,-9.882500000000000659e-03,0.000000000000000000e+00,0.000000000000000000e+00,-5.413700000000000456e-03,1.376699999999999799e-02,0.000000000000000000e+00,0.000000000000000000e+00,0.000000000000000000e+00,0.000000000000000000e+00,0.000000000000000000e+00,0.000000000000000000e+00,0.000000000000000000e+00,-7.353699999999999473e-03,-8.164899999999999242e-03,0.000000000000000000e+00,0.000000000000000000e+00,1.222099999999999922e-02,6.361799999999999920e-03,5.387199999999999975e-03,0.000000000000000000e+00,0.000000000000000000e+00,0.000000000000000000e+00,0.000000000000000000e+00,1.135000000000000071e-02,0.000000000000000000e+00,1.309300000000000047e-02,0.000000000000000000e+00,0.000000000000000000e+00,0.000000000000000000e+00,0.000000000000000000e+00,0.000000000000000000e+00,7.669499999999999235e-03,6.555400000000000289e-03,0.000000000000000000e+00
5.306899999999999812e-03,5.921000000000000048e-03,0.000000000000000000e+00,0.000000000000000000e+00,6.837399999999999554e-03,-1.022099999999999918e-02,0.000000000000000000e+00,0.000000000000000000e+00,9.497200000000000780e-03,0.000000000000000000e+00,-6.287100000000000327e-03,-8.291899999999999618e-03,0.000000000000000000e+00,0.000000000000000000e+00,0.000000000000000000e+00,0.000000000000000000e+00,0.000000000000000000e+00,0.000000000000000000e+00,-1.027199999999999988e-02,0.000000000000000000e+00,0.000000000000000000e+00,0.000000000000000000e+00,0.000000000000000000e+00,0.000000000000000000e+00,0.000000000000000000e+00,-9.315299999999998581e-03,6.661100000000000528e-03,8.348399999999998877e-03,-9.206000000000000641e-03,0.000000000000000000e+00,0.000000000000000000e+00,7.107699999999999782e-03,0.000000000000000000e+00,0.000000000000000000e+00,8.865799999999998335e-03,0.000000000000000000e+00,0.000000000000000000e+00,5.565399999999999861e-03,5.639400000000000142e-03,-6.598500000000000199e-03,0.000000000000000000e+00,-9.374200000000000935e-03,0.000000000000000000e+00,5.357199999999999462e-03,5.569300000000000118e-03,-9.291699999999999959e-03,0.000000000000000000e+00,6.487600000000000484e-03,6.003100000000000797e-03,0.000000000000000000e+00,0.000000000000000000e+00,-5.679200000000000567e-03,0.000000000000000000e+00,0.000000000000000000e+00,0.000000000000000000e+00,0.000000000000000000e+00,0.000000000000000000e+00,-6.595100000000000441e-03,-8.432999999999999524e-03,0.000000000000000000e+00
0.000000000000000000e+00,-6.264000000000000470e-03,0.000000000000000000e+00,9.622900000000000204e-03,7.926000000000000753e-03,0.000000000000000000e+00,-8.554600000000000745e-03,0.000000000000000000e+00,0.000000000000000000e+00,6.379600000000000895e-03,0.000000000000000000e+00,6.222600000000000874e-03,0.000000000000000000e+00,0.000000000000000000e+00,0.000000000000000000e+00,8.589200000000001695e-03,0.000000000000000000e+00,8.962600000000001121e-03,-8.308899999999999272e-03,0.000000000000000000e+00,0.000000000000000000e+00,0.000000000000000000e+00,0.000000000000000000e+00,0.000000000000000000e+00,-1.246399999999999939e-02,5.444399999999999414e-03,0.000000000000000000e+00,9.274700000000002040e-03,0.000000000000000000e+00,-1.171800000000000098e-02,0.000000000000000000e+00,0.000000000000000000e+00,0.000000000000000000e+00,0.000000000000000000e+00,1.019300000000000067e-02,0.000000000000000000e+00,0.000000000000000000e+00,0.000000000000000000e+00,0.000000000000000000e+00,-5.056499999999999363e-03,8.196099999999999566e-03,0.000000000000000000e+00,1.104400000000000000e-02,-9.604600000000001331e-03,0.000000000000000000e+00,0.000000000000000000e+00,0.000000000000000000e+00,-5.597600000000000318e-03,0.000000000000000000e+00,6.358800000000000389e-03,9.902799999999999797e-03,0.000000000000000000e+00,0.000000000000000000e+00,0.000000000000000000e+00,0.000000000000000000e+00,-1.076800000000000153e-02,0.000000000000000000e+00,-9.235099999999999559e-03,7.545600000000000397e-03,0.000000000000000000e+00
-1.112300000000000094e-02,-1.225400000000000100e-02,0.000000000000000000e+00,-5.106100000000000569e-03,6.959100000000001049e-03,-1.295200000000000171e-02,0.000000000000000000e+00,-1.344499999999999862e-02,5.596300000000000233e-03,0.000000000000000000e+00,-1.513100000000000035e-02,-8.980099999999999541e-03,0.000000000000000000e+00,-6.767699999999998890e-03,2.276299999999999851e-02,1.457400000000000015e-02,-9.854799999999998630e-03,0.000000000000000000e+00,-2.043799999999999784e-02,0.000000000000000000e+00,0.000000000000000000e+00,0.000000000000000000e+00,0.000000000000000000e+00,-6.751300000000000877e-03,0.000000000000000000e+00,0.000000000000000000e+00,1.607100000000000195e-02,0.000000000000000000e+00,-1.003300000000000025e-02,0.000000000000000000e+00,-9.353000000000000203e-03,0.000000000000000000e+00,1.134600000000000018e-02,0.000000000000000000e+00,0.000000000000000000e+00,0.000000000000000000e+00,0.000000000000000000e+00,-1.057699999999999960e-02,-1.833600000000000160e-02,0.000000000000000000e+00,-6.784699999999999412e-03,6.844199999999999069e-03,-1.118599999999999976e-02,0.000000000000000000e+00,-5.176600000000000819e-03,0.000000000000000000e+00,0.000000000000000000e+00,-1.006100000000000050e-02,-2.446999999999999870e-02,0.000000000000000000e+00,0.000000000000000000e+00,-6.051600000000000729e-03,0.000000000000000000e+00,0.000000000000000000e+00,-1.076800000000000153e-02,0.000000000000000000e+00,-1.199599999999999972e-02,5.185300000000000326e-03,0.000000000000000000e+00,9.579700000000001756e-03
-1.226000000000000006e-02,0.000000000000000000e+00,0.000000000000000000e+00,6.551799999999999985e-03,9.211399999999999796e-03,-1.071100000000000003e-02,0.000000000000000000e+00,0.000000000000000000e+00,0.000000000000000000e+00,0.000000000000000000e+00,7.279099999999999286e-03,5.259000000000000653e-03,-8.517100000000001406e-03,0.000000000000000000e+00,1.671200000000000116e-02,0.000000000000000000e+00,0.000000000000000000e+00,1.124499999999999979e-02,-1.313899999999999790e-02,-8.143600000000000838e-03,0.000000000000000000e+00,0.000000000000000000e+00,-7.738800000000000540e-03,5.117700000000000200e-03,-9.486299999999999594e-03,0.000000000000000000e+00,0.000000000000000000e+00,0.000000000000000000e+00,1.059200000000000072e-02,-2.049899999999999986e-02,1.568800000000000056e-02,0.000000000000000000e+00,-1.004999999999999991e-02,0.000000000000000000e+00,0.000000000000000000e+00,0.000000000000000000e+00,0.000000000000000000e+00,0.000000000000000000e+00,0.000000000000000000e+00,-1.011599999999999999e-02,0.000000000000000000e+00,8.392200000000000701e-03,-5.343399999999999886e-03,-1.226200000000000033e-02,6.198600000000000290e-03,0.000000000000000000e+00,0.000000000000000000e+00,0.000000000000000000e+00,1.021400000000000086e-02,5.442999999999999922e-03,0.000000000000000000e+00,0.000000000000000000e+00,0.000000000000000000e+00,0.000000000000000000e+00,0.000000000000000000e+00,-1.199599999999999972e-02,0.000000000000000000e+00,0.000000000000000000e+00,0.000000000000000000e+00,8.763500000000000456e-03
-5.661699999999999545e-03,6.704800000000000343e-03,-8.002500000000000932e-03,8.247499999999999623e-03,0.000000000000000000e+00,0.000000000000000000e+00,0.000000000000000000e+00,-9.653100000000001263e-03,-1.014999999999999930e-02,8.376500000000000265e-03,-1.024000000000000084e-02,0.000000000000000000e+00,-1.084099999999999994e-02,0.000000000000000000e+00,0.000000000000000000e+00,0.000000000000000000e+00,-8.334299999999999348e-03,0.000000000000000000e+00,0.000000000000000000e+00,0.000000000000000000e+00,0.000000000000000000e+00,0.000000000000000000e+00,0.000000000000000000e+00,-1.112699999999999974e-02,-5.737300000000000733e-03,-6.047600000000000198e-03,0.000000000000000000e+00,0.000000000000000000e+00,8.117300000000000904e-03,0.000000000000000000e+00,0.000000000000000000e+00,0.000000000000000000e+00,5.186199999999999317e-03,0.000000000000000000e+00,0.000000000000000000e+00,0.000000000000000000e+00,0.000000000000000000e+00,0.000000000000000000e+00,-7.328799999999999898e-03,8.809100000000000263e-03,8.274899999999999964e-03,0.000000000000000000e+00,-8.057500000000000426e-03,-7.903900000000000162e-03,9.739799999999999847e-03,-5.484600000000000065e-03,0.000000000000000000e+00,0.000000000000000000e+00,9.177100000000000535e-03,9.645799999999999513e-03,-7.490699999999999442e-03,0.000000000000000000e+00,7.669499999999999235e-03,-6.595100000000000441e-03,-9.235099999999999559e-03,5.185300000000000326e-03,0.000000000000000000e+00,0.000000000000000000e+00,0.000000000000000000e+00,0.000000000000000000e+00
0.000000000000000000e+00,-8.922700000000000423e-03,0.000000000000000000e+00,0.000000000000000000e+00,0.000000000000000000e+00,-6.465699999999999573e-03,0.000000000000000000e+00,0.000000000000000000e+00,0.000000000000000000e+00,0.000000000000000000e+00,-9.832799999999999180e-03,-6.849899999999999912e-03,-8.732600000000000084e-03,8.745499999999999802e-03,-7.638899999999999683e-03,0.000000000000000000e+00,6.063100000000000087e-03,-7.237300000000000330e-03,0.000000000000000000e+00,0.000000000000000000e+00,0.000000000000000000e+00,0.000000000000000000e+00,0.000000000000000000e+00,0.000000000000000000e+00,0.000000000000000000e+00,0.000000000000000000e+00,-8.368999999999999703e-03,0.000000000000000000e+00,0.000000000000000000e+00,-8.701199999999999213e-03,0.000000000000000000e+00,6.679500000000000541e-03,0.000000000000000000e+00,0.000000000000000000e+00,0.000000000000000000e+00,0.000000000000000000e+00,0.000000000000000000e+00,0.000000000000000000e+00,8.785400000000000501e-03,6.657800000000000176e-03,-6.325400000000000120e-03,0.000000000000000000e+00,0.000000000000000000e+00,0.000000000000000000e+00,0.000000000000000000e+00,0.000000000000000000e+00,0.000000000000000000e+00,0.000000000000000000e+00,0.000000000000000000e+00,0.000000000000000000e+00,0.000000000000000000e+00,8.833499999999999339e-03,6.555400000000000289e-03,-8.432999999999999524e-03,7.545600000000000397e-03,0.000000000000000000e+00,0.000000000000000000e+00,0.000000000000000000e+00,0.000000000000000000e+00,9.620100000000001220e-03
7.120999999999999726e-03,0.000000000000000000e+00,7.828899999999999748e-03,6.779000000000000303e-03,0.000000000000000000e+00,1.137099999999999916e-02,0.000000000000000000e+00,0.000000000000000000e+00,0.000000000000000000e+00,0.000000000000000000e+00,0.000000000000000000e+00,0.000000000000000000e+00,1.019100000000000041e-02,0.000000000000000000e+00,0.000000000000000000e+00,0.000000000000000000e+00,0.000000000000000000e+00,0.000000000000000000e+00,0.000000000000000000e+00,0.000000000000000000e+00,0.000000000000000000e+00,0.000000000000000000e+00,0.000000000000000000e+00,0.000000000000000000e+00,6.095500000000000224e-03,8.563199999999999978e-03,-6.860600000000000552e-03,8.261900000000000840e-03,6.715200000000000162e-03,0.000000000000000000e+00,0.000000000000000000e+00,0.000000000000000000e+00,0.000000000000000000e+00,0.000000000000000000e+00,6.262100000000000478e-03,0.000000000000000000e+00,0.000000000000000000e+00,1.380500000000000130e-02,0.000000000000000000e+00,7.698100000000001122e-03,-7.326100000000001188e-03,0.000000000000000000e+00,-7.632500000000000395e-03,0.000000000000000000e+00,9.598000000000000628e-03,-6.295700000000000428e-03,0.000000000000000000e+00,0.000000000000000000e+00,1.091600000000000036e-02,0.000000000000000000e+00,1.193400000000000016e-02,5.839800000000000026e-03,0.000000000000000000e+00,0.000000000000000000e+00,0.000000000000000000e+00,9.579700000000001756e-03,8.763500000000000456e-03,0.000000000000000000e+00,9.620100000000001220e-03,0.000000000000000000e+00
