,AH3VMFBGXY_A12_S12,AH3VMFBGXY_A4_S292,AH3VMFBGXY_A8_S104,AH3VMFBGXY_B10_S118,AH3VMFBGXY_B10_S214,AH3VMFBGXY_B12_S24,AH3VMFBGXY_B2_S206,AH3VMFBGXY_B2_S302,AH3VMFBGXY_B5_S17,AH3VMFBGXY_B8_S116,AH3VMFBGXY_C11_S227,AH3VMFBGXY_C3_S315,AH3VMFBGXY_C6_S318,AH3VMFBGXY_D11_S239,AH3VMFBGXY_D11_S335,AH3VMFBGXY_D2_S230,AH3VMFBGXY_D4_S232,AH3VMFBGXY_D5_S233,AH3VMFBGXY_D5_S329,AH3VMFBGXY_D6_S234,AH3VMFBGXY_D7_S235,AH3VMFBGXY_D8_S140,AH3VMFBGXY_D9_S237,AH3VMFBGXY_E1_S241,AH3VMFBGXY_E12_S156,AH3VMFBGXY_E12_S252,AH3VMFBGXY_E2_S242,AH3VMFBGXY_E2_S338,AH3VMFBGXY_E4_S244,AH3VMFBGXY_E4_S340,AH3VMFBGXY_E5_S149,AH3VMFBGXY_E5_S245,AH3VMFBGXY_E7_S151,AH3VMFBGXY_E7_S55,AH3VMFBGXY_E9_S345,AH3VMFBGXY_F1_S253,AH3VMFBGXY_F10_S262,AH3VMFBGXY_F11_S263,AH3VMFBGXY_F12_S264,AH3VMFBGXY_F2_S350,AH3VMFBGXY_F3_S63,AH3VMFBGXY_F4_S256,AH3VMFBGXY_F4_S64,AH3VMFBGXY_F8_S356,AH3VMFBGXY_G10_S274,AH3VMFBGXY_G11_S179,AH3VMFBGXY_G11_S275,AH3VMFBGXY_G2_S266,AH3VMFBGXY_G3_S171,AH3VMFBGXY_G5_S173,AH3VMFBGXY_G6_S174,AH3VMFBGXY_G6_S270,AH3VMFBGXY_G6_S366,AH3VMFBGXY_G8_S176,AH3VMFBGXY_G8_S272,AH3VMFBGXY_G8_S80,AH3VMFBGXY_G9_S369,AH3VMFBGXY_H1_S277,AH3VMFBGXY_H11_S191,AH3VMFBGXY_H11_S287,AH3VMFBGXY_H3_S183,AH3VMFBGXY_H3_S279,AH3VMFBGXY_H4_S184,AH3VMFBGXY_H4_S376,AH3VMFBGXY_H5_S185,AH3VMFBGXY_H5_S281,AH3VMFBGXY_H5_S89,AH3VMFBGXY_H8_S188,AH3VMFBGXY_H8_S284,AH3VMFBGXY_H9_S285,AH3VMFBGXY_H9_S93,H3332BGXY_A11_S203,H3332BGXY_A12_S12,H3332BGXY_A6_S102,H3332BGXY_A8_S200,H3332BGXY_A8_S8,H3332BGXY_B11_S215,H3332BGXY_B12_S216,H3332BGXY_B4_S16,H3332BGXY_B6_S210,H3332BGXY_B7_S19,H3332BGXY_B8_S212,H3332BGXY_C10_S322,H3332BGXY_C10_S34,H3332BGXY_C11_S227,H3332BGXY_C11_S35,H3332BGXY_C12_S36,H3332BGXY_C2_S218,H3332BGXY_C3_S219,H3332BGXY_C6_S126,H3332BGXY_D10_S334,H3332BGXY_D10_S46,H3332BGXY_D11_S335,H3332BGXY_D12_S240,H3332BGXY_D12_S48,H3332BGXY_D3_S135,H3332BGXY_D4_S136,H3332BGXY_D4_S40,H3332BGXY_D5_S137,H3332BGXY_D7_S43,H3332BGXY_D8_S236,H3332BGXY_E1_S337,H3332BGXY_E10_S154,H3332BGXY_E12_S60,H3332BGXY_E2_S338,H3332BGXY_E3_S243,H3332BGXY_E3_S51,H3332BGXY_E4_S244,H3332BGXY_E6_S54,H3332BGXY_E8_S248,H3332BGXY_E9_S153,H3332BGXY_F10_S166,H3332BGXY_F3_S255,H3332BGXY_F5_S257,H3332BGXY_G1_S73,H3332BGXY_G11_S179,H3332BGXY_G12_S180,H3332BGXY_G2_S74,H3332BGXY_G6_S366,H3332BGXY_G7_S271,H3332BGXY_H10_S94,H3332BGXY_H2_S278,H3332BGXY_H3_S279,H3332BGXY_H4_S88,H3332BGXY_H5_S281,H3332BGXY_H6_S186,H3332BGXY_H6_S282,H3332BGXY_H7_S283,H3332BGXY_H9_S93,H57VWBGXY_A10_S10,H57VWBGXY_A11_S11,H57VWBGXY_A7_S199,H57VWBGXY_A7_S295,H57VWBGXY_B10_S214,H57VWBGXY_B12_S120,H57VWBGXY_B12_S216,H57VWBGXY_B12_S24,H57VWBGXY_B3_S207,H57VWBGXY_B4_S208,H57VWBGXY_B7_S211,H57VWBGXY_B9_S213,H57VWBGXY_C10_S130,H57VWBGXY_C11_S227,H57VWBGXY_C12_S132,H57VWBGXY_C12_S228,H57VWBGXY_C2_S26,H57VWBGXY_C3_S123,H57VWBGXY_C4_S28,H57VWBGXY_C4_S316,H57VWBGXY_C6_S222,H57VWBGXY_C9_S225,H57VWBGXY_D1_S133,H57VWBGXY_D1_S325,H57VWBGXY_D10_S142,H57VWBGXY_D10_S238,H57VWBGXY_D10_S46,H57VWBGXY_D11_S239,H57VWBGXY_D11_S47,H57VWBGXY_D12_S240,H57VWBGXY_D12_S48,H57VWBGXY_D2_S230,H57VWBGXY_D3_S39,H57VWBGXY_D4_S136,H57VWBGXY_D6_S330,H57VWBGXY_D7_S139,H57VWBGXY_D8_S332,H57VWBGXY_E10_S154,H57VWBGXY_E12_S156,H57VWBGXY_E12_S348,H57VWBGXY_E3_S243,H57VWBGXY_E6_S150,H57VWBGXY_E6_S246,H57VWBGXY_E8_S344,H57VWBGXY_E9_S249,H57VWBGXY_F12_S360,H57VWBGXY_F2_S62,H57VWBGXY_F3_S255,H57VWBGXY_F4_S352,H57VWBGXY_F5_S257,H57VWBGXY_F7_S259,H57VWBGXY_F8_S356,H57VWBGXY_G1_S169,H57VWBGXY_G1_S265,H57VWBGXY_G10_S178,H57VWBGXY_G11_S275,H57VWBGXY_G11_S83,H57VWBGXY_G12_S276,H57VWBGXY_G2_S266,H57VWBGXY_G3_S171,H57VWBGXY_G9_S177,H57VWBGXY_G9_S273,H57VWBGXY_G9_S81,H57VWBGXY_H10_S382,H57VWBGXY_H10_S94,H57VWBGXY_H11_S287,H57VWBGXY_H12_S96,H57VWBGXY_H2_S86,H57VWBGXY_H3_S87,H57VWBGXY_H5_S281,H57VWBGXY_H6_S282,H57VWBGXY_H6_S90,H57VWBGXY_H7_S283,H57VWBGXY_H8_S284,H57VWBGXY_H9_S285,HYGHVBGXX_A11_S11,HYGHVBGXX_A12_S12,HYGHVBGXX_A12_S300,HYGHVBGXX_A3_S3,HYGHVBGXX_A5_S5,HYGHVBGXX_A6_S102,HYGHVBGXX_A6_S294,HYGHVBGXX_A6_S6,HYGHVBGXX_A7_S7,HYGHVBGXX_A8_S8,HYGHVBGXX_A9_S105,HYGHVBGXX_B1_S301,HYGHVBGXX_B10_S22,HYGHVBGXX_B11_S23,HYGHVBGXX_B11_S311,HYGHVBGXX_B2_S14,HYGHVBGXX_B2_S206,HYGHVBGXX_B3_S15,HYGHVBGXX_B3_S303,HYGHVBGXX_B4_S208,HYGHVBGXX_B5_S209,HYGHVBGXX_B6_S18,HYGHVBGXX_B7_S307,HYGHVBGXX_C1_S25,HYGHVBGXX_C1_S313,HYGHVBGXX_C10_S226,HYGHVBGXX_C10_S322,HYGHVBGXX_C2_S26,HYGHVBGXX_C5_S125,HYGHVBGXX_C5_S29,HYGHVBGXX_C6_S30,HYGHVBGXX_C7_S223,HYGHVBGXX_C7_S31,HYGHVBGXX_C9_S321,HYGHVBGXX_D1_S133,HYGHVBGXX_D1_S325,HYGHVBGXX_D10_S334,HYGHVBGXX_D10_S46,HYGHVBGXX_D11_S47,HYGHVBGXX_D2_S326,HYGHVBGXX_D2_S38,HYGHVBGXX_D3_S231,HYGHVBGXX_D3_S327,HYGHVBGXX_D3_S39,HYGHVBGXX_D4_S136,HYGHVBGXX_D4_S232,HYGHVBGXX_D4_S40,HYGHVBGXX_D5_S233,HYGHVBGXX_D9_S141,HYGHVBGXX_D9_S45,HYGHVBGXX_E12_S252,HYGHVBGXX_E12_S348,HYGHVBGXX_E12_S60,HYGHVBGXX_E2_S50,HYGHVBGXX_E3_S243,HYGHVBGXX_E3_S51,HYGHVBGXX_E5_S245,HYGHVBGXX_E5_S341,HYGHVBGXX_E7_S343,HYGHVBGXX_E7_S55,HYGHVBGXX_F1_S61,HYGHVBGXX_F10_S262,HYGHVBGXX_F11_S167,HYGHVBGXX_F11_S263,HYGHVBGXX_F12_S72,HYGHVBGXX_F2_S158,HYGHVBGXX_F2_S254,HYGHVBGXX_F2_S62,HYGHVBGXX_F3_S63,HYGHVBGXX_F4_S256,HYGHVBGXX_F4_S64,HYGHVBGXX_F5_S65,HYGHVBGXX_F6_S66,HYGHVBGXX_F8_S260,HYGHVBGXX_G1_S73,HYGHVBGXX_G10_S274,HYGHVBGXX_G2_S74,HYGHVBGXX_G3_S267,HYGHVBGXX_G4_S76,HYGHVBGXX_G5_S77,HYGHVBGXX_G7_S79,HYGHVBGXX_G8_S368,HYGHVBGXX_G9_S81,HYGHVBGXX_H1_S85,HYGHVBGXX_H10_S382,HYGHVBGXX_H2_S278,HYGHVBGXX_H3_S375,HYGHVBGXX_H5_S89,HYGHVBGXX_H6_S186,HYGHVBGXX_H6_S90,HYGHVBGXX_H8_S380,HYGHVBGXX_H8_S92,HYGHVBGXX_H9_S285,HYGHVBGXX_H9_S93
Prdx4,0.0,6.957999999999999,0.0,0.0,0.0,0.0,0.0,0.0,0.0,0.0,6.2966,5.8329,0.0,0.0,0.0,0.0,0.0,0.0,6.9036,7.1946,0.0,0.0,6.0477,0.0,0.0,0.0,0.0,0.0,0.0,8.107000000000001,0.0,8.1142,0.0,0.0,0.0,0.0,7.1215,0.0,6.6024,0.0,6.5118,0.0,0.0,6.7413,8.2325,0.0,0.0,0.0,0.0,0.0,0.0,0.0,0.0,0.0,0.0,6.7617,7.2443,0.0,0.0,0.0,7.676,0.0,0.0,0.0,0.0,6.2981,0.0,0.0,5.8982,0.0,0.0,0.0,0.0,0.0,0.0,0.0,0.0,0.0,0.0,0.0,0.0,0.0,0.0,0.0,0.0,0.0,0.0,0.0,0.0,6.0802,0.0,0.0,0.0,0.0,0.0,0.0,0.0,0.0,0.0,0.0,0.0,0.0,6.6977,0.0,0.0,0.0,0.0,0.0,0.0,0.0,0.0,0.0,0.0,0.0,0.0,0.0,0.0,0.0,0.0,0.0,0.0,0.0,0.0,0.0,0.0,0.0,0.0,0.0,0.0,0.0,0.0,0.0,0.0,0.0,0.0,0.0,6.0898,0.0,0.0,0.0,0.0,0.0,0.0,0.0,0.0,0.0,0.0,0.0,0.0,0.0,0.0,0.0,0.0,0.0,0.0,0.0,0.0,0.0,0.0,0.0,0.0,0.0,0.0,0.0,0.0,0.0,0.0,0.0,0.0,0.0,0.0,0.0,6.1297,0.0,0.0,0.0,0.0,0.0,0.0,0.0,6.8817,0.0,0.0,0.0,0.0,0.0,0.0,0.0,0.0,0.0,0.0,0.0,3.1985,0.0,0.0,7.0974,0.0,6.1607,0.0,0.0,0.0,0.0,0.0,0.0,0.0,0.0,0.0,0.0,0.0,0.0,0.0,0.0,0.0,0.0,0.0,6.6551,0.0,0.0,0.0,0.0,0.0,0.0,0.0,0.0,0.0,0.0,0.0,0.0,0.0,0.0,0.0,0.0,0.0,0.0,0.0,0.0,0.0,0.0,4.3625,7.7564,0.0,0.0,0.0,0.0,0.0,0.0,0.0,0.0,0.0,8.7089,0.0,0.0,0.0,0.0,0.0,0.0,0.0,0.0,0.0,0.0,0.0,6.2944,1.3785,0.0,0.0,5.5817,6.8429,0.0,0.0,0.0,0.0,0.0,0.0,6.581,0.0,0.0,0.0,0.0,0.0,0.0,0.0,0.0,0.0,0.0,0.0,0.0,0.0,6.1673,0.0,0.0,0.0,0.0,0.0,0.0,0.0,0.0,0.0,0.0
Hist1h2ae,0.0,3.6576,0.0,0.0,0.0,0.0,0.0,0.0,0.0,0.0,0.0,0.0,0.0,0.0,0.0,0.0,0.0,0.0,5.1627,0.0,0.0,0.0,0.0,0.0,0.0,0.0,0.0,0.0,0.0,5.5138,0.0,5.8992,0.0,0.0,0.0,0.0,0.0,0.0,4.1707,0.0,3.1635,0.0,0.0,0.0,5.0453,0.0,0.0,0.0,0.0,0.0,0.0,0.0,0.0,0.0,0.0,4.3861,0.0,0.0,0.0,0.0,4.9336,0.0,0.0,0.0,0.0,0.0,0.0,0.0,0.0,0.0,0.0,0.0,0.0,0.8319,0.0,0.0,0.0,0.0,0.0,0.0,0.0,0.0,0.0,0.0,0.0,0.0,0.0,0.0,0.0,0.0,0.0,0.0,0.0,0.0,0.0,0.0,0.0,1.281,0.0,0.0,0.0,0.0,5.5211,0.0,0.0,0.0,0.0,0.0,0.0,0.0,0.0,6.1554,0.0,0.0,0.0,0.0,0.0,0.0,0.0,0.0,0.0,0.0,0.0,0.0,0.0,0.0,0.0,0.0,0.0,0.0,0.0,0.0,0.0,0.0,0.0,0.0,0.0,0.0,0.0,0.0,0.0,0.0,0.0,0.0,0.0,0.0,0.0,5.4841,0.0,0.0,0.0,0.0,4.3248,0.0,0.0,0.0,0.0,3.7761,0.0,0.0,0.0,0.0,0.0,3.9973,0.0,0.0,0.0,0.0,0.0,0.0,0.0,0.0,0.0,0.0,0.0,0.0,0.0,0.0,0.0,0.0,0.0,0.0,0.0,0.0,0.0,0.0,0.0,0.0,0.0,0.0,0.0,0.0,0.0,3.3248,0.0,2.7137,0.0,0.0,0.0,0.0,0.0,0.0,0.0,0.0,0.0,0.0,0.0,0.0,0.0,0.0,0.0,0.0,1.263,0.0,0.0,3.3561,0.0,0.0,0.0,0.0,0.0,0.0,0.0,0.0,0.0,0.0,0.0,0.0,0.0,0.0,0.0,0.0,0.0,0.0,0.0,0.0,0.0,0.0,0.0,0.0,0.0,0.0,0.0,0.0,0.0,0.0,0.0,0.0,0.0,0.0,0.0,0.0,0.0,0.0,0.0,0.0,0.0,0.0,0.0,0.0,0.0,0.0,0.0,0.0,0.0,0.0,0.0,0.0,0.0,0.0,0.0,0.0,0.0,0.0,0.0,0.0,0.0,0.0,0.0,0.0,0.0,0.0,0.0,0.0,0.0,0.0,0.0,0.0,0.0,0.0,0.0,0.0,0.0,0.0,0.0,0.0,0.0,0.0
Ccnb1,0.0,4.3736,0.0,0.0,0.0,0.0,0.0,0.0,0.0,0.0,8.165,8.5584,0.0,0.0,0.0,0.0,0.0,7.9398,0.0,0.0,7.7525,0.0,0.0,0.0,0.0,6.2525,0.0,0.0,0.0,8.5844,0.0,6.5664,6.6518,0.0,0.0,0.0,2.8679,0.0,6.4398,0.0,5.6395,0.0,9.8266,7.4967,6.9911,0.0,0.0,5.7137,0.0,0.0,0.0,0.0,0.0,0.0,0.0,0.0,7.3556,0.0,0.0,6.1516,7.1071,6.7039,0.0,0.0,0.0,0.0,0.0,0.0,7.0357,0.0,0.0,0.0,0.0,7.2778,0.0,0.0,0.0,0.0,0.0,0.0,0.0,0.0,0.0,0.0,0.0,0.0,0.0,0.0,0.0,6.8926,0.0,0.0,0.0,0.0,0.0,0.0,0.0,0.0,0.0,0.0,0.0,0.0,7.5549,0.0,0.0,0.0,0.0,0.0,0.0,0.0,0.0,0.0,0.0,0.0,0.0,0.0,0.0,0.0,0.0,0.0,0.0,0.0,0.0,0.0,0.0,0.0,0.0,0.0,0.0,0.0,0.0,0.0,0.0,0.0,0.0,0.0,0.0,0.0,0.0,0.0,0.0,0.0,0.0,0.0,0.0,0.0,0.0,3.7104,0.0,0.0,0.0,0.0,6.2188,0.0,0.0,0.0,0.0,6.9699,0.0,0.0,0.0,0.0,0.0,6.9117,0.0,0.0,0.0,0.0,0.0,0.0,0.0,0.0,5.1064,0.0,0.0,0.0,0.0,3.3277,0.0,0.0,7.0224,0.0,0.0,0.0,0.0,5.926,0.0,0.0,0.0,0.0,0.0,0.0,0.0,6.0587,0.0,4.7398,0.0,7.7635,0.0,0.0,0.0,0.0,0.0,0.0,0.0,0.0,0.0,0.0,0.0,0.0,0.0,0.0,0.0,0.0,0.0,4.7814,0.0,8.0197,0.0,0.0,0.0,0.0,0.0,0.0,0.0,0.0,0.0,0.0,0.0,0.0,0.0,0.0,0.0,0.0,0.0,0.0,0.0,0.0,6.8814,0.0,0.0,0.0,6.0043,0.0,0.0,0.0,0.0,0.0,0.0,4.9519,0.0,0.0,7.2775,0.0,0.0,0.0,0.0,0.0,0.0,0.0,0.0,6.3535,0.0,0.0,0.0,0.0,0.0,0.0,0.0,0.0,0.0,0.0,0.0,0.0,9.2117,0.0,0.0,0.0,1.0909,0.0,2.0179,0.0,0.0,0.0,0.0,6.7751,0.0,0.0,0.0,0.0,6.8420000000000005,0.0,0.0,0.0,0.0,0.0,0.0,0.0
Rrm2,0.0,9.9317,0.0,0.0,0.0,3.2869,9.421,0.0,0.0,6.9373,10.914000000000001,7.3179,0.0,0.0,0.0,0.0,0.0,10.1655,10.0103,10.4163,10.2375,8.5571,10.2064,0.0,5.1073,10.1123,0.0,0.0,0.0,8.3618,0.0,9.0171,10.4903,0.0,0.0,0.0,8.7985,0.0,7.6064,0.0,10.9882,0.0,7.7104,8.6109,9.0338,0.0,0.0,7.8012,0.0,0.0,0.0,0.0,7.5498,0.0,8.8013,6.529,7.9464,0.0,2.98,10.1644,9.5798,0.0,0.0,0.0,0.0,0.0,0.0,0.0,10.0059,0.0,0.0,0.0,0.0,9.3568,0.0,0.0,0.0,0.0,0.0,0.0,0.0,0.0,0.0,0.0,1.3391,0.0,0.0,0.0,0.0,7.1768,0.0,0.0,0.0,0.0,0.0,0.0,0.0,0.0,0.0,0.0,0.0,0.0,9.0359,0.0,0.0,0.0,8.316,0.0,0.0,0.0,0.0,8.6248,0.0,6.9687,0.0,0.0,0.0,0.0,0.0,0.0,0.0,0.0,0.0,0.0,0.0,0.0,0.0,0.0,0.0,0.0,9.1905,0.0,0.0,0.0,0.0,0.0,0.0,0.0,0.0,0.0,0.0,0.0,0.0,8.5036,0.0,0.0,0.0,9.6147,0.0,0.0,0.0,0.0,8.9,0.0,0.0,0.0,0.0,9.5587,0.0,0.0,8.0432,0.0,0.0,9.0023,0.0,0.0,0.0,0.0,0.0,0.0,0.0,0.0,5.593999999999999,0.0,0.0,0.0,0.0,7.8699,0.0,0.0,6.9646,0.0,0.0,0.0,0.0,7.6009,0.0,0.0,0.0,0.0,0.0,0.0,0.0,6.5821,0.0,10.1747,0.0,9.1984,0.0,0.0,0.0,0.0,0.0,0.0,0.0,0.0,0.0,0.0,0.0,0.0,8.0587,0.0,0.0,0.0,0.0,9.0222,0.0,0.0,0.0,4.0339,0.0,0.0,0.0,7.6864,0.0,0.0,0.0,0.0,7.2853,0.0,0.0,0.0,0.0,0.0,0.0,0.0,0.0,0.0,6.8981,0.0,0.0,0.0,9.0301,0.0,0.0,0.0,0.0,0.0,0.0,9.2946,0.0,0.0,6.5395,0.0,0.0,0.0,0.0,0.0,0.0,0.0,0.0,0.0,7.7662,0.0,0.0,0.0,6.67,0.0,0.0,0.0,0.0,0.0,0.0,8.5252,0.0,0.0,0.0,7.3903,0.0,0.0,7.2341,0.0,0.0,0.0,0.0,9.2702,0.0,6.4609,0.0,8.3063,8.411,0.0,0.0,0.0,0.0,0.0,0.0,0.0
Rad54l,0.0,5.985,0.0,0.0,0.0,0.0,7.3626,0.0,0.0,0.0,6.2498,5.0435,0.0,0.0,0.0,0.0,0.0,4.9919,0.0,0.0,3.7344,1.1177,0.0,0.0,0.0,1.0072,0.0,0.0,0.0,5.8326,0.0,0.0,6.6845,0.0,0.0,0.0,5.8319,0.0,0.0,0.0,3.9184,0.0,0.0,6.7003,6.3625,0.0,0.0,0.0,0.0,0.0,0.0,0.0,2.1922,0.0,6.8420000000000005,6.4678,0.0,0.0,0.0,5.4832,5.1218,7.8902,0.0,0.0,0.0,0.0,0.0,0.0,5.1027,0.0,0.0,0.0,0.0,6.8644,0.0,0.0,0.0,0.0,0.0,0.0,0.0,0.0,0.0,0.0,0.0,0.0,0.0,0.0,0.0,3.9588,0.0,0.0,0.0,0.0,0.0,0.0,0.0,0.0,0.0,0.0,0.0,0.0,3.0054,0.0,0.0,0.0,0.0,0.0,0.0,0.0,0.0,0.0,0.0,4.5674,0.0,0.0,0.0,0.0,0.0,0.0,0.0,0.0,0.0,0.0,0.0,0.0,0.0,0.0,0.0,0.0,0.0,0.0,0.0,0.0,0.0,0.0,0.0,0.0,0.0,0.0,0.0,0.0,0.0,0.0,0.0,0.0,0.0,6.2477,0.0,0.0,0.0,0.0,5.7929,0.0,0.0,0.0,0.0,0.0,0.0,0.0,0.0,0.0,0.0,6.3404,0.0,0.0,0.0,0.0,0.0,0.0,0.0,0.0,0.0,0.0,0.0,0.0,0.0,0.0,0.0,0.0,0.0,0.0,0.0,0.0,0.0,0.0,0.0,0.0,0.0,0.0,0.0,0.0,0.0,0.0,0.0,5.0241,0.0,0.0,0.0,0.0,0.0,0.0,0.0,0.0,0.0,0.0,0.0,0.0,0.0,0.0,0.0,0.0,0.0,0.0,0.0,0.0,0.0,5.2702,0.0,0.0,0.0,0.0,0.0,0.0,0.0,0.0,0.0,0.0,0.0,0.0,0.0,0.0,0.0,0.0,0.0,0.0,7.0668,0.0,5.1169,0.0,0.0,0.0,6.3796,0.0,0.0,0.0,0.0,0.0,0.0,0.0,0.0,0.0,0.0,0.0,0.0,0.0,0.0,0.0,0.0,0.0,0.0,4.1659,6.4398,0.0,0.0,5.9914,0.0,0.0,0.0,0.0,0.0,0.0,0.0,0.0,0.0,0.0,0.0,0.0,0.0,0.0,0.0,0.0,0.0,0.0,0.0,3.0721,0.0,0.0,0.0,0.0,7.1751,0.0,0.0,0.0,0.0,0.0,0.0,0.0
Gzmb,0.0,12.2326,8.7732,0.0,0.0,10.9978,0.0,0.0,0.0,0.0,0.0,12.0381,0.0,0.0,0.0,0.0,0.0,10.7069,9.1967,6.9411,11.5331,0.0,0.0,0.0,0.0,0.0,0.0,11.2633,9.6817,10.1022,0.0,9.6187,8.997,0.0,0.0,0.0,9.946,10.6942,0.0,0.0,11.7258,0.0,7.362,12.2643,7.8232,0.0,0.0,0.0,8.7367,0.0,0.0,0.0,6.2192,6.5838,5.8319,0.0,9.592,0.0,0.0,10.1017,11.7803,7.0827,0.0,1.6826,0.0,0.0,0.0,0.0,8.6474,0.0,0.0,0.0,0.5656,12.8381,8.2215,0.0,0.0,0.0,0.0,0.0,0.0,0.0,0.0,0.0,0.0,0.0,8.9885,0.0,0.0,3.8359,0.0,0.0,9.3334,0.0,0.0,0.0,0.0,0.0,0.0,0.0,0.0,0.0,2.342,0.0,10.7445,0.0,0.0,0.0,0.0,0.0,0.0,0.0,0.0,5.3681,0.0,0.0,0.0,8.334,9.7248,0.0,0.0,0.0,0.0,0.0,0.0,0.0,0.0,0.0,0.0,0.0,0.0,0.0,0.0,0.0,0.0,7.6816,13.4701,0.0,0.0,0.0,0.0,0.0,0.0,0.5945,0.0,0.0,0.0,12.1086,0.0,0.0,0.0,0.0,9.228,0.0,0.0,0.0,0.0,10.7284,0.0,0.0,0.0,0.0,0.0,11.5851,9.4583,0.0,0.0,0.0,5.5135,0.0,6.98,0.0,13.1182,0.0,0.0,0.0,9.7328,11.1082,0.0,0.0,6.6518,0.0,0.0,0.0,0.0,10.0667,0.0,0.0,0.0,0.0,0.0,0.0,0.0,11.5318,0.0,13.5556,8.1605,9.0552,0.0,0.0,0.0,10.2924,0.0,0.0,0.0,0.0,0.0,0.0,0.0,0.0,6.1231,0.0,0.0,0.0,0.0,11.5299,0.0,0.0,0.0,0.0,0.0,0.0,0.0,0.0,9.2327,7.1952,0.0,0.0,0.0,0.0,0.0,0.0,0.0,0.0,0.0,0.0,0.0,0.0,10.2356,8.2636,0.0,0.0,8.918,0.0,0.0,0.0,0.0,0.0,8.2688,0.0,10.8334,0.0,10.8495,0.0,0.0,0.0,0.0,0.0,0.0,0.0,0.0,6.456,0.0,0.0,0.0,12.3449,10.6341,0.0,0.0,0.0,0.0,0.0,0.0,6.3949,0.0,0.0,0.0,0.0,0.0,0.0,0.0,0.0,0.0,0.0,0.0,0.0,0.0,1.844,8.934,0.0,0.0,0.0,0.0,0.0,0.0,0.0,0.0,0.0
Kif2c,0.0,0.0,0.0,0.0,0.0,0.0,4.5273,0.0,0.0,0.0,0.0,0.0,0.0,0.0,0.0,0.0,0.0,4.6999,5.8557,0.0,0.0,0.0,0.0,0.0,0.0,5.9153,0.0,0.0,0.0,0.0,0.0,0.0,0.0,0.0,0.0,0.0,7.2457,0.0,6.6093,0.0,0.0,0.0,0.0,7.1359,0.0,0.0,0.0,4.7939,0.0,0.0,0.0,0.0,0.0,0.0,0.0,8.0953,0.0,0.0,0.0,0.0,0.0,0.0,0.0,0.0,0.0,0.0,0.0,0.0,5.246,0.0,0.0,0.0,0.0,4.6831,0.0,0.0,0.0,0.0,0.0,0.0,0.0,0.0,0.0,0.0,0.0,0.0,0.0,0.0,0.0,0.0,0.0,0.0,0.0,0.0,0.0,0.0,0.0,0.0,0.0,0.0,0.0,0.0,0.0,0.0,0.0,0.0,0.0,0.0,0.0,0.0,0.0,0.0,0.0,0.0,0.0,0.0,0.0,0.0,0.0,0.0,0.0,0.0,0.0,0.0,0.0,0.0,0.0,0.0,0.0,0.0,0.0,0.0,0.0,0.0,0.0,0.0,0.0,0.0,0.0,0.0,0.0,0.0,0.0,0.0,0.0,0.0,0.0,0.0,0.0,0.0,0.0,0.0,0.0,0.0,0.0,0.0,0.0,0.0,0.0,0.0,0.0,0.0,0.0,5.726,0.0,0.0,0.0,0.0,0.0,0.0,0.0,0.0,0.0,0.0,0.0,0.0,0.0,0.0,0.0,0.0,5.1502,0.0,0.0,0.0,0.0,0.0,0.0,0.0,0.0,0.0,0.0,0.0,0.0,0.0,0.0,3.2357,0.0,5.4472,0.0,0.0,0.0,0.0,0.0,0.0,0.0,0.0,0.0,0.0,0.0,0.0,0.0,0.0,0.0,0.0,0.0,4.5868,0.0,0.0,0.0,0.0,0.0,0.0,0.0,0.0,0.0,0.0,0.0,0.0,0.0,0.0,0.0,0.0,0.0,0.0,0.0,0.0,0.0,0.0,0.0,0.0,0.0,0.0,0.0,0.0,0.0,0.0,0.0,0.0,0.0,0.0,0.0,0.0,4.8349,0.0,0.0,0.0,0.0,0.0,0.0,0.0,0.0,0.0,0.0,0.0,0.0,0.0,0.0,0.0,0.0,0.0,0.0,0.0,0.0,0.0,0.0,0.0,0.0,0.0,0.0,0.0,0.0,0.0,0.0,0.0,0.0,3.6334,0.0,0.0,0.0,0.0,4.4835,0.0,0.0,0.0,0.0,0.0,0.0,0.0
Lgals3,0.0,0.0,0.0,0.0,0.0,0.0,9.1747,0.0,0.0,0.0,0.0,7.3413,0.0,0.0,0.0,0.0,0.0,0.0,0.0,0.0,5.8268,5.9488,0.0,0.0,0.0,0.0,0.0,8.8766,8.8805,0.0,0.0,0.0,0.0,0.0,0.0,8.895,3.7751,0.0,0.0,0.0,6.0402,0.0,7.7083,6.3682,0.0,0.0,0.0,6.582000000000001,0.0,0.0,8.4203,0.0,0.0,6.2944,0.0,9.3315,0.0,0.0,1.0909,0.0,5.437,0.0,0.0,0.0,0.0,0.0,0.0,0.0,5.2525,9.8162,0.0,0.0,0.0,8.1769,0.0,0.0,0.0,0.0,10.005,0.0,6.9897,7.7715,0.0,0.0,0.0,0.0,0.0,0.0,0.0,0.0,0.0,0.0,0.0,0.0,0.0,0.0,0.0,0.0,0.0,0.0,0.0,0.0,0.0,0.0,9.883,0.0,0.0,0.0,0.0,0.0,0.0,2.5607,0.0,6.0498,0.0,0.0,0.0,0.0,0.0,0.0,0.0,10.7172,3.6182,0.0,0.0,0.0,0.0,0.0,0.0,0.0,0.0,0.0,0.0,0.0,0.0,0.0,9.0976,0.0,0.0,0.0,0.0,0.0,0.0,0.0,0.0,0.0,0.0,8.5897,0.0,0.0,0.0,0.0,0.0,0.0,0.0,0.0,0.0,5.2525,0.0,0.0,0.0,0.0,0.0,9.7213,0.0,0.0,0.0,0.0,7.8077,0.0,8.8951,8.8196,0.0,0.0,0.0,0.0,7.2205,0.0,0.0,0.0,0.0,0.0,9.4986,0.0,0.0,5.1313,0.0,0.0,0.0,0.0,0.0,0.0,0.0,0.0,0.0,8.4953,0.0,3.4330000000000003,0.0,0.0,0.0,9.7563,0.0,0.0,0.0,0.0,0.0,0.0,0.0,0.0,0.0,0.0,0.0,0.0,0.0,2.4647,0.0,0.0,0.0,0.0,0.0,0.0,0.0,0.0,0.0,0.0,0.0,0.0,0.0,0.0,0.0,0.0,0.0,6.7665,0.0,0.0,0.0,0.0,5.2724,0.0,0.0,0.0,0.0,0.0,0.0,0.0,0.0,0.0,0.0,0.0,0.0,0.0,6.5741,0.0,0.0,0.0,0.0,0.0,0.0,0.0,0.0,0.0,0.0,0.0,0.0,0.0,0.0,0.0,0.0,0.0,0.0,0.0,0.0,6.2759,10.2473,0.0,0.0,0.0,0.0,0.0,0.0,0.0,0.0,0.0,7.9243,0.0,0.0,0.0,0.0,0.0,6.9753,0.0,0.0,0.0,0.0,0.0,0.0,7.9473
Lrr1,0.0,0.0,0.0,0.0,0.0,0.0,0.0,0.0,0.0,0.0,1.2869,0.0,0.0,0.0,0.0,0.0,0.0,0.0,5.0734,0.0,6.8068,0.0,6.6477,0.0,0.0,3.1763,0.0,0.0,0.0,4.4899,0.0,0.0,0.0,0.0,0.0,0.0,4.1367,0.0,4.7203,0.0,4.1449,0.0,0.0,4.673,0.0,0.0,0.0,0.0,0.0,0.0,0.0,0.0,0.0,0.0,0.0,0.0,0.0,0.0,0.0,4.5674,5.8535,0.0,0.0,0.0,0.0,0.0,0.0,0.0,6.0018,0.0,0.0,0.0,0.0,5.2917,0.0,0.0,0.0,0.0,0.0,0.0,0.0,0.0,0.0,0.0,0.0,0.0,0.0,0.0,0.0,0.0,0.0,0.0,0.0,0.0,0.0,0.0,0.0,0.0,0.0,0.0,0.0,0.0,0.0,0.0,0.0,0.0,0.0,0.0,0.0,0.0,0.0,0.0,0.0,0.0,0.0,0.0,0.0,0.0,0.0,0.0,0.0,0.0,0.0,0.0,0.0,0.0,0.0,0.0,0.0,0.0,0.0,0.0,0.0,0.0,0.0,0.0,0.0,0.0,0.0,0.0,0.0,0.0,0.0,0.0,0.0,0.0,0.0,0.0,0.0,0.0,0.0,0.0,5.9138,0.0,0.0,0.0,0.0,5.9463,0.0,0.0,0.0,0.0,0.0,0.0,0.0,0.0,0.0,0.0,0.0,0.0,0.0,0.0,0.0,0.0,0.0,0.0,0.0,6.1123,0.0,0.0,0.0,0.0,0.0,0.0,0.0,0.0,0.0,0.0,0.0,0.0,0.0,0.0,0.0,0.0,0.0,0.0,0.0,2.8053,0.0,0.0,0.0,0.0,0.0,0.0,0.0,0.0,0.0,0.0,0.0,0.0,0.0,0.0,0.0,0.0,0.0,7.1054,0.0,0.0,0.0,0.0,0.0,0.0,0.0,0.0,0.0,0.0,0.0,0.0,0.0,0.0,0.0,0.0,0.0,0.0,0.0,0.0,0.0,0.0,0.0,0.0,0.0,0.0,0.0,0.0,0.0,0.0,0.0,0.0,0.0,0.0,0.0,0.0,0.0,0.0,0.0,0.0,0.0,0.0,0.0,0.0,0.0,0.0,6.0398,0.0,0.0,0.0,2.2203,0.0,0.0,0.0,0.0,0.0,0.0,0.0,0.0,0.0,0.0,0.0,0.0,0.0,0.0,0.0,0.0,0.0,0.0,4.1227,0.0,0.0,0.0,0.0,6.7058,0.0,0.0,0.0,0.0,0.0,0.0,0.0
Tacc3,0.0,5.5629,0.0,0.0,0.0,0.0,5.5304,0.0,9.6672,8.0453,7.5757,7.5679,0.0,0.0,0.0,0.0,0.0,5.7298,6.9284,6.9558,7.8358,6.9113,8.3042,0.0,6.8278,7.2429,0.0,0.0,0.0,7.4037,0.0,8.4999,7.4943,0.0,0.0,0.0,0.0,0.0,7.9557,0.0,8.7153,0.0,7.781000000000001,8.2435,5.0072,0.0,0.0,8.609,0.0,0.0,0.0,0.0,0.0,0.0,5.6121,7.6998,7.0329999999999995,0.0,3.4841,2.3646,8.1895,6.0027,0.0,0.0,7.3242,0.0,0.0,0.0,7.0609,0.0,0.0,0.0,0.3219,7.9224,0.0,0.0,0.0,0.0,0.0,0.0,0.0,0.0,0.0,0.0,0.0,0.0,0.0,0.0,0.0,7.2437,0.0,0.0,0.0,0.0,0.0,0.0,0.0,0.0,0.0,0.0,0.0,0.0,8.2748,0.0,0.0,0.0,0.0,2.8032,0.0,0.0,0.0,0.0,0.0,6.4168,0.0,0.0,0.0,0.0,7.8514,0.0,0.0,0.0,0.0,0.0,0.0,1.4436,0.0,0.0,0.0,0.0,7.4872,0.0,0.0,0.0,0.0,0.0,0.0,0.0,0.0,0.0,0.0,0.0,0.0,7.3745,0.0,0.0,0.0,0.0,0.0,0.0,0.0,0.0,6.4428,0.0,0.0,0.0,0.0,5.8158,0.0,0.0,0.0,0.0,0.0,6.6556,0.0,0.0,0.0,0.0,0.0,0.0,0.0,0.0,6.4224,0.0,0.0,0.0,0.0,7.0968,0.0,0.0,8.0625,0.0,0.0,0.0,0.0,0.0,0.0,0.0,0.0,0.0,0.0,0.0,0.0,5.7493,0.0,6.7852,0.0,8.2195,8.4324,0.0,0.0,0.0,0.0,0.0,0.0,0.0,0.0,0.0,0.0,0.0,0.0,0.0,6.0036,0.0,0.0,3.7474,0.0,0.0,0.0,0.0,0.0,0.0,0.0,0.0,0.0,0.0,0.0,0.0,0.0,0.0,3.2555,0.0,0.0,0.0,0.0,0.0,0.0,0.0,4.8032,5.4043,0.0,0.0,5.4502,0.0,0.0,7.6786,0.0,0.0,7.5269,6.3854,0.0,0.0,7.9059,0.0,0.0,0.0,0.0,0.0,0.0,0.0,0.0,6.4346,6.8489,0.0,0.0,3.9588,5.6082,0.0,0.0,0.0,0.0,0.0,0.0,6.4416,0.0,0.0,0.0,0.0,0.0,5.888,6.2513,0.0,0.0,0.0,0.0,5.359,0.0,5.9064,0.0,0.0,4.5472,0.0,0.0,0.0,0.0,0.0,0.0,0.0
Uhrf1,0.0,5.9665,0.0,0.0,0.0,0.0,7.807,0.0,0.0,0.0,7.6579999999999995,6.2703,0.0,0.0,0.0,0.0,0.0,6.3733,4.8664,8.2159,8.6852,7.8511,8.6896,0.0,8.45,9.052999999999999,0.0,0.0,0.0,5.8659,5.7255,0.4222,7.5253,0.0,0.0,0.0,8.1929,0.0,6.7625,0.0,7.8211,0.0,0.0,6.757000000000001,1.281,0.0,0.0,5.1659,0.0,6.4481,7.2643,0.0,8.5885,0.0,7.7768,0.0,5.9533,2.9373,5.3813,8.6262,8.3686,6.6786,0.0,0.0,0.0,7.0111,0.0,0.0,7.6226,0.0,0.0,0.0,0.0,7.2806,0.0,0.0,0.0,6.7164,0.0,0.0,0.0,0.0,8.454,0.0,0.0,0.0,0.0,0.0,0.0,7.3916,0.0,0.0,0.0,0.0,0.0,0.0,0.0,0.0,0.0,0.0,0.0,0.0,7.2879,0.0,0.0,0.0,0.0,0.0,0.0,0.0,0.0,5.9869,0.0,7.9437,0.0,0.0,0.0,0.0,0.0,0.0,0.0,0.0,0.0,0.0,0.0,0.0,0.0,0.0,0.0,0.0,8.533999999999999,0.0,0.0,0.0,0.0,0.0,5.5641,0.0,0.0,0.0,0.0,0.0,0.0,0.0,0.0,0.0,0.0,6.7901,0.0,0.0,0.0,0.0,8.2556,0.0,0.0,0.0,0.0,6.7986,0.0,0.0,0.0,0.0,0.0,6.6622,0.0,0.0,0.0,0.0,0.0,0.0,0.0,0.0,7.0046,0.0,0.0,0.0,0.0,7.9568,0.0,0.0,6.6753,7.1093,0.0,0.0,0.0,7.1209,0.0,0.0,0.0,0.0,0.0,0.0,0.0,7.9383,0.0,6.9657,0.0,6.9883,0.0,0.0,0.0,0.0,0.0,0.0,0.0,0.0,0.0,0.0,0.0,0.0,7.6242,0.0,6.7092,0.0,0.0,7.2549,0.0,6.6418,0.0,5.88,0.0,0.0,0.0,0.0,0.0,0.0,0.0,0.0,0.0,0.0,0.0,0.0,0.0,8.0371,0.0,0.0,0.0,0.0,6.5922,6.0461,0.0,0.0,7.0495,0.0,0.0,0.0,0.0,0.0,0.0,8.5819,0.0,0.0,7.617000000000001,0.0,0.0,0.0,0.0,0.0,0.0,0.0,0.0,6.9069,8.0975,0.0,0.0,7.6736,6.8197,0.0,8.5464,0.0,0.0,0.0,0.0,8.5059,0.0,0.0,0.0,2.5084,0.8156,0.0,5.3995,0.0,0.0,0.0,0.0,7.2617,0.0,7.6459,0.0,0.0,6.6532,0.0,0.0,0.0,0.0,0.0,0.0,0.0
Pbk,0.0,7.7855,0.0,0.0,0.0,0.0,6.8059,0.0,0.0,0.0,8.7048,0.0,0.0,0.0,0.0,0.0,0.0,6.1491,0.0,7.3273,6.3761,6.3399,0.0,0.0,2.9653,7.8497,0.0,0.0,0.0,7.2026,0.0,6.3757,6.3507,0.0,0.0,0.0,6.2823,0.0,7.8667,0.0,5.5644,0.0,0.0,6.952000000000001,6.6885,0.0,0.0,6.6222,0.0,0.0,0.0,0.0,7.497999999999999,0.0,6.4207,0.0,0.0,0.0,0.9486,0.0,0.0,0.0,0.0,1.5261,0.0,0.0,0.0,0.0,5.6511,0.0,0.0,0.0,0.0,8.4176,0.0,0.0,0.0,0.0,0.0,0.0,0.0,0.0,0.0,0.0,0.0,0.0,0.0,0.0,0.0,0.0,0.0,0.0,0.0,0.0,0.0,0.0,0.0,0.0,0.0,0.0,0.0,0.0,8.5489,0.0,0.0,0.0,0.0,0.0,0.0,0.0,0.0,0.0,0.0,0.0,0.0,0.0,0.0,0.0,0.0,0.0,0.0,0.0,0.0,0.0,0.0,0.0,0.0,0.0,0.0,0.0,0.3674,0.0,0.0,0.0,0.0,0.0,0.0,0.0,0.0,0.0,0.0,0.0,0.0,0.0,0.0,0.0,0.0,6.9966,0.0,0.0,0.0,0.0,0.0,0.0,0.0,0.0,0.0,5.6223,0.0,0.0,0.0,0.0,0.0,0.0,0.0,0.0,0.0,0.0,0.0,0.0,0.0,0.0,0.0,0.0,0.0,0.0,0.0,8.1982,0.0,0.0,0.0,0.0,0.0,0.0,0.0,5.7428,0.0,0.0,0.0,0.0,0.0,0.0,0.0,0.0,0.0,4.6616,0.0,0.0,0.0,0.0,0.0,0.0,0.0,0.0,0.0,0.0,0.0,0.0,0.0,0.0,0.0,0.0,0.0,0.0,0.0,1.8115,0.0,0.0,0.0,0.0,0.0,0.0,0.0,0.0,0.0,0.0,0.0,0.0,0.0,0.0,0.0,0.0,0.0,0.0,0.0,0.0,0.0,0.0,0.0,1.8559999999999999,0.0,0.0,0.0,0.0,0.0,0.0,0.0,0.0,0.0,7.2664,0.0,0.0,0.0,0.0,0.0,0.0,0.0,0.0,0.0,0.0,0.0,0.0,7.1562,0.0,0.0,0.0,0.0,0.0,0.0,0.0,0.0,0.0,0.0,3.4983,0.0,0.0,0.0,0.0,0.0,0.0,3.2765,0.0,0.0,0.0,0.0,6.1424,0.0,0.0,0.0,0.0,6.6027,0.0,0.0,0.0,0.0,0.0,0.0,0.0
Cdc6,0.0,5.3183,0.0,0.0,0.0,0.0,6.0618,0.0,0.0,0.0,5.6038,3.1473,0.0,0.0,0.0,0.0,0.0,5.9623,0.0,4.4861,6.6917,2.1473,7.1719,0.0,0.0,6.1339999999999995,0.0,0.0,0.0,0.0,0.0,0.0,6.357,0.0,0.0,0.0,7.4834,0.0,0.0,0.0,5.6854,0.0,0.0,0.0,0.0,0.0,0.0,0.0,0.0,0.0,0.0,0.0,3.9662,0.0,5.7669,0.0,0.0,0.0,0.0,5.5258,0.0,0.0,0.0,0.0,0.0,0.0,0.0,0.0,0.0,0.0,0.0,0.0,0.0,4.4575,0.0,0.0,0.0,0.0,0.0,0.0,0.0,0.0,0.0,0.0,0.0,0.0,0.0,0.0,0.0,5.2761,0.0,0.0,0.0,0.0,0.0,0.0,0.0,0.0,0.0,0.0,0.0,0.0,6.7316,0.0,0.0,0.0,0.0,0.0,0.0,0.0,0.0,7.234,0.0,4.9588,0.0,0.0,0.0,0.0,6.4431,0.0,0.0,0.0,0.0,0.0,0.0,0.0,0.0,0.0,0.0,0.0,5.7764,0.0,0.0,0.0,0.0,0.0,0.0,0.0,0.0,0.0,0.0,0.0,0.0,0.0,0.0,0.0,0.0,6.8475,0.0,0.0,0.0,0.0,5.7279,0.0,0.0,0.0,0.0,5.5301,0.0,0.0,0.0,0.0,0.0,5.5106,0.0,0.0,0.0,0.0,0.0,0.0,0.0,0.0,0.0,0.0,0.0,0.0,0.0,5.4954,0.0,0.0,0.0,0.0,0.0,0.0,0.0,6.2724,0.0,0.0,0.0,0.0,0.0,0.0,0.0,0.0,0.0,6.3475,0.0,4.0126,0.0,0.0,0.0,0.0,0.0,0.0,0.0,0.0,0.0,0.0,0.0,0.0,5.8263,0.0,0.0,0.0,0.0,6.2555,0.0,0.0,0.0,0.0,0.0,0.0,0.0,0.0,0.0,0.0,0.0,0.0,0.0,0.0,0.0,0.0,0.0,0.0,0.0,0.0,0.0,0.0,0.0,1.7355,0.0,0.0,7.0429,0.0,0.0,0.0,0.0,0.0,0.0,6.0968,0.0,0.0,4.9955,0.0,0.0,0.0,0.0,0.0,0.0,0.0,0.0,2.2048,5.8427,0.0,0.0,7.0343,4.7010000000000005,0.0,0.0,0.0,0.0,0.0,0.0,6.2512,0.0,0.0,0.0,5.9404,0.0,0.0,6.1969,0.0,0.0,0.0,0.0,4.0798,0.0,4.2257,0.0,0.0,5.9153,0.0,0.0,0.0,0.0,0.0,0.0,0.0
Gzma,0.0,0.8074,10.9428,0.0,0.0,3.7049,0.0,0.0,0.0,0.0,0.0,0.0,0.0,0.0,0.0,0.0,0.0,0.0,0.0,0.0,0.0,0.0,0.0,0.0,0.0,0.0,0.0,0.0,0.0,0.0,0.0,0.0,0.0,0.0,0.0,0.0,0.0,9.3317,0.0,0.0,0.0,0.0,8.0015,0.0,0.0,0.0,0.0,0.0,0.0,0.0,0.0,0.0,0.0,0.0,0.0,0.0,0.0,0.0,0.0,0.0,0.0,0.0,0.0,0.0,0.0,0.0,0.0,0.0,0.0,0.0,0.0,0.0,0.0,6.7151,0.0,0.0,0.0,0.0,0.0,0.0,0.0,0.0,0.0,0.0,0.0,0.0,0.0,0.0,0.0,0.0,0.0,0.0,0.0,0.0,0.0,0.0,0.0,0.0,0.0,0.0,0.0,0.0,0.0,0.0,0.0,0.0,0.0,0.0,0.0,0.0,0.0,0.0,0.0,0.0,0.0,0.0,0.0,9.7313,0.0,0.0,0.0,0.0,0.0,0.0,0.0,0.0,0.0,0.0,0.0,0.0,0.0,0.0,0.0,0.0,0.0,12.3114,0.0,0.0,0.0,0.0,9.2839,0.0,0.0,0.0,0.0,0.0,0.0,0.0,0.0,0.0,0.0,0.0,0.0,0.0,0.0,0.0,0.0,0.0,0.0,0.0,0.0,0.0,0.0,0.0,0.0,0.0,0.0,0.0,0.0,0.0,0.0,0.0,0.0,0.0,0.0,0.0,0.0,0.0,0.0,0.0,0.0,0.0,0.0,0.0,0.0,8.0018,0.0,0.0,0.0,2.2449,0.0,0.0,0.0,0.0,0.0,5.0997,0.0,0.0,0.0,0.0,0.0,0.0,0.0,0.0,0.0,0.0,0.0,0.0,0.0,0.0,0.0,0.0,0.0,0.0,0.0,0.0,0.0,0.0,0.0,0.0,0.0,0.0,0.0,0.0,9.9497,0.0,0.0,0.0,0.0,0.0,0.0,0.0,0.0,0.0,0.0,0.0,1.5509,0.0,0.0,0.0,0.0,0.0,0.0,0.0,0.0,0.0,0.0,0.0,0.0,0.0,0.0,0.0,0.0,0.0,0.0,0.0,0.0,0.0,0.0,0.0,0.0,0.0,0.0,0.0,0.0,0.0,0.0,0.0,0.0,0.0,7.1348,0.0,0.0,0.0,0.0,0.0,0.0,0.0,0.0,0.0,0.0,0.0,0.0,0.0,0.0,0.0,0.0,0.0,0.0,8.1839,0.0,10.2263,0.0,0.0,0.0,0.0,0.0,0.0
Rc3h1,0.0,0.0,5.9887,0.0,0.0,0.0,4.1077,3.7969999999999997,0.0,0.0,0.0,0.0,0.0,0.7398,4.7819,0.0,5.7629,0.0,0.4751,3.1779,2.6415,0.5753,0.5361,0.6229,0.0,2.6088,5.1715,0.6041,0.0,0.0,0.0,0.0,4.332,2.9542,3.3363,2.0738,0.5361,0.0,2.3334,0.0,0.0,5.77,0.0,0.0,0.0,2.3448,1.7137,0.0,0.0,0.0,0.0,0.0,5.8612,7.1370000000000005,3.6029,0.0,0.0,4.5273,0.0,0.0,0.7137,0.0,0.0,0.0,0.0,0.0,0.0,1.7268,1.4005,0.0,0.0,0.0,0.0,3.7463,0.0,5.3381,0.0,0.0,5.904,0.0,5.1647,0.6781,3.4789999999999996,0.0,0.0,0.0,0.0,0.0,0.0,1.2570000000000001,2.06,3.5223,0.0,6.3951,5.3628,0.0,0.0,0.0,0.0,0.0,0.0,0.0,4.516,4.8704,0.0,5.7503,1.4854,0.0,0.0,0.0,0.0,0.0,0.0,0.0,2.5801,0.0,0.0,6.1647,0.0,0.0,0.0,2.2203,0.0,0.0,0.0,0.0,0.5261,0.0,0.0,0.0,0.0,0.0,0.0,0.0,0.0,3.2854,0.0,0.0,4.3413,0.0,0.0,0.0,0.0,0.0,0.0,0.0,2.9873,0.0,5.2161,0.0,0.0,0.0,0.0,0.0,2.9964,6.6131,3.332,1.2869,0.0,2.144,0.0,3.1651,0.0,3.0054,4.6047,0.0,0.0,4.079,0.0,4.3334,0.0,0.0,3.2957,0.0,5.9112,7.6778,3.557,0.0,0.0,0.0,0.0,5.2935,0.0,4.6988,0.0,0.0,0.0,0.0,6.5494,1.251,3.5385,0.0,5.7137,0.0,0.0,0.0,0.0,3.5607,0.0,0.0,0.0,0.0,0.0,0.0,8.0253,0.0,5.9262,0.0,0.0,0.0,2.1043,0.0,2.7634,2.7115,0.0,3.0841,0.0,0.0,0.0,0.0,0.0,1.3674,0.0,1.3219,5.0514,0.0,0.0,0.0,0.3674,0.0,0.0,0.0,3.2110000000000003,0.4222,0.0,0.0,0.0,6.8068,4.8654,2.8258,0.0,1.111,1.6599,0.0,7.6924,3.7793,0.0,0.0,1.7049,5.2288,6.4365,5.6079,2.4276,0.0,0.0,0.0,0.0,1.4489,0.0,6.1508,0.0,2.6206,3.7549,0.0,0.0,0.585,0.0,0.0,0.0,0.0,0.0,0.0,0.0,0.0,0.0,0.2987,2.546,1.4803,3.4141,3.1077,3.6218,1.5801,4.7602,2.1859,1.5945,5.6582,0.0,0.0,1.0072,5.5329,0.0,0.0,0.0,0.0,0.0,0.0,0.0,0.9336
Klrc1,4.8068,7.2971,0.0,0.0,0.0,2.9088,0.0,0.0,0.0,7.9801,8.2548,9.4391,0.0,9.0104,6.6672,0.0,5.0272,7.2716,10.006,6.3952,8.6769,9.9036,7.6087,0.0,0.0,9.5237,0.0,9.042,10.1215,9.2684,8.0776,9.2423,8.9633,0.0,0.0,0.0,7.9003,9.4718,9.0835,0.0,6.8615,0.0,9.4409,8.8849,9.4844,0.0,0.0,8.6238,9.5325,0.0,0.0,7.4874,9.4577,6.0624,7.3694,0.0,9.381,0.0,0.0,10.341,7.9364,7.1438,0.0,7.4765,9.2346,6.3882,0.0,4.7692,7.8438,10.2862,0.0,0.0,0.0,9.9619,0.0,0.0,0.0,0.0,9.3326,3.4033,0.0,2.5558,0.0,0.0,0.0,0.0,11.2347,0.0,0.0,7.3108,0.0,0.0,0.0,0.0,6.2952,0.0,0.0,0.0,0.0,0.0,0.0,0.0,9.019,0.0,0.0,0.0,0.0,0.0,0.0,8.1168,0.0,9.8075,0.0,9.1485,0.0,0.0,0.0,0.0,8.2895,0.0,0.0,11.0121,3.9736,8.8128,0.0,4.1707,0.0,0.0,0.0,0.0,8.9494,0.0,0.0,0.0,0.0,0.0,10.1212,0.0,0.0,0.0,0.0,0.0,0.0,1.0772,0.0,0.0,0.0,8.8063,9.652000000000001,0.0,0.0,0.0,5.2895,0.0,0.0,0.0,9.5449,6.9201,0.0,0.0,10.2841,0.0,5.6896,9.4296,0.0,0.0,0.0,0.0,0.0,0.0,0.0,0.0,8.2625,0.0,0.0,10.9517,8.1079,2.8339,0.0,0.0,0.0,0.0,0.0,0.0,0.0,8.5865,0.0,0.0,0.0,0.0,5.4192,9.3899,11.7061,8.2988,0.0,7.1108,9.5289,8.3375,0.0,0.0,7.2253,9.4927,0.0,0.0,0.0,0.0,0.0,0.0,7.5357,0.0,6.6686,0.0,0.0,0.0,0.0,3.6702,5.641,5.6885,0.0,0.0,9.996,9.5105,5.8607,6.957000000000001,9.6518,0.0,0.0,0.0,0.0,0.0,0.0,0.0,11.6375,7.2665,5.6203,0.0,9.475,0.0,8.6286,7.5964,0.0,10.3958,0.0,0.0,0.0,0.0,6.0564,0.0,0.0,0.0,0.0,0.0,8.65,0.0,0.0,0.0,11.0442,0.0,0.0,9.258,9.9934,4.4899,8.0195,0.0,0.0,8.5668,8.5455,0.0,0.0,0.0,0.0,0.0,0.0,9.5691,0.0,8.19,0.0,6.1373,0.0,0.0,4.7436,7.8126,0.0,0.0,8.7656,7.5895,0.0,7.9456,0.0,10.1731,0.0,8.666,0.0,9.728,0.0,0.0,0.0,0.0
Tyms,0.4751,5.5671,2.2449,0.9782,0.0,0.6229,6.5818,0.433,1.0072,0.4751,8.498,5.8425,0.0,2.0669999999999997,0.3896,1.0976,0.0,6.6757,5.9162,7.6016,7.4932,7.0065,7.6645,0.0,5.0913,7.2562,0.0,0.9561,0.0,5.8166,0.0,6.2365,8.0363,0.0,1.1763,0.0,5.7578,1.0909,6.2858,0.0,7.51,0.8639,0.0,5.433,5.98,0.8639,1.9336,5.8477,0.4114,0.0,1.6781,0.5945,6.7696,6.7691,6.5726,5.9481,0.0,0.0,2.7613,6.4968,6.9557,5.1014,0.1506,0.0,0.0,4.8469999999999995,0.7225,1.5059,6.9823,1.516,0.0,0.848,0.0,7.244,0.0,0.8074,2.263,2.0426,2.254,1.5059,0.0704,1.6182,0.9709,0.0,1.0704,0.6599,1.3505,0.0,1.7698,1.4168,0.9709,3.1342,2.4303,0.0,2.3868,2.0,1.4957,1.3045,2.5059,0.6135,0.0,2.969,6.2767,0.0,2.7739999999999996,2.7289999999999996,3.3688,7.1749,3.6949,0.0,0.0,6.0074,1.157,4.8585,2.2048,1.4957,1.3045,0.7398,0.0,1.2570000000000001,2.2388,0.0,1.3219,0.856,0.0,1.111,0.0,0.0,0.0,2.4931,7.5928,0.0,1.0976,0.8875,6.8634,0.7137,6.1069,0.0,1.4383,6.7908,1.9782,1.0286,2.275,1.7485,0.0,0.0,1.1243,6.106,0.0,0.774,2.5286,0.0,4.6781,1.4168,2.6508,0.3334,3.1227,7.2755,3.5801,0.774,1.9411,0.7991,2.3674,7.8418,1.6135,1.541,0.0,0.5558,1.2987,1.8519999999999999,1.6276,2.0426,3.2913,1.4699,0.9107,0.0,0.0,6.6757,0.0,3.0496,2.9165,0.3448,0.0,0.0,0.9561,5.3837,1.9146,0.0,1.3840000000000001,1.9891,3.1747,0.4957,2.5336,6.3063,3.1699,6.7727,0.0,7.4926,0.0,0.0,2.3074,3.3132,0.0,0.0,0.7655,2.1985,3.5729,1.4168,1.3334,0.0,5.1469,0.0,0.1243,0.0,3.3854,5.983,1.511,0.0,3.0583,2.7377,2.9598,3.4168,2.0772,4.1144,4.106,1.7613,0.0,2.2327,2.3896,2.384,1.5993,2.2928,1.1243,0.7991,0.7908,1.7268,0.546,1.406,4.7415,5.8281,2.8115,0.4751,6.765,1.8032,0.0,0.0,0.696,0.0,1.111,5.5398,1.3785,3.0339,2.7949,2.025,2.8032,1.9819,1.2141,1.4436,2.511,1.9184,2.7824,2.3248,5.9208,2.2357,1.9107,5.6702,4.7479,0.0,2.5801,1.0072,0.0,2.0909,0.0,6.3719,2.86,0.7398,3.1489,1.0072,0.6871,1.8679,4.9107,5.9679,0.6781,2.2357,1.275,6.8617,0.3219,5.0356,2.2327,0.7991,6.0352,0.0,0.0,2.969,2.275,1.6229,2.7761,1.2327
Plk1,0.0,7.8566,0.0,0.0,0.0,0.0,0.0,0.0,0.0,0.0,7.2193,6.382000000000001,0.0,0.0,0.0,0.0,0.0,8.0654,6.0281,0.0,6.67,0.0,7.0569,0.0,0.0,6.3963,0.0,0.0,0.0,0.0,0.0,0.0,0.0,0.0,0.0,0.0,0.0,0.0,8.1096,0.0,6.0845,0.0,7.4595,7.2277,0.0,0.0,0.0,7.9642,0.0,0.0,0.0,0.0,0.0,0.0,0.0,6.2957,0.0,0.0,0.0,0.0,7.6339999999999995,0.0,0.0,0.0,0.0,0.0,0.0,0.0,7.178,0.0,0.0,0.0,0.0,7.7114,0.0,0.0,0.0,0.0,0.0,0.0,0.0,0.0,0.0,0.0,0.0,1.8559999999999999,0.0,0.0,0.0,0.0,0.0,0.0,0.0,0.0,0.0,0.0,0.0,0.0,0.0,0.0,0.0,0.0,0.0,0.0,0.0,0.0,0.0,0.0,0.0,0.0,0.0,0.0,0.0,0.0,0.0,0.0,0.0,0.0,0.0,0.0,0.0,0.0,0.0,0.0,0.0,0.0,0.0,0.0,0.0,0.0,0.0,0.0,0.0,0.0,0.0,0.0,0.0,0.0,0.0,0.0,0.0,0.0,0.0,0.0,0.0,0.0,0.0,0.0,0.0,0.0,0.0,7.9522,0.0,0.0,0.0,0.0,0.0,5.7576,0.0,0.0,0.0,0.0,0.0,6.4065,0.0,0.0,0.0,0.0,0.0,0.0,0.0,0.0,4.5033,0.0,0.0,0.0,0.0,0.0,0.0,0.0,7.5039,0.0,0.0,0.0,0.0,0.0,0.0,0.0,0.0,0.0,0.0,0.0,0.0,0.0,0.0,0.0,0.0,6.8391,0.0,0.0,0.0,0.0,0.0,0.0,0.0,0.0,0.0,0.0,0.0,0.0,0.0,0.0,0.0,0.0,0.0,1.516,0.0,0.0,0.0,0.0,0.0,0.0,0.0,0.0,8.9979,0.0,0.0,0.0,0.0,0.0,0.0,0.0,0.0,0.0,0.0,0.0,0.0,0.0,6.3837,0.0,0.0,0.0,0.0,0.0,0.0,0.0,0.0,0.0,0.0,0.0,0.0,0.0,7.0587,0.0,0.0,0.0,0.0,0.0,0.0,0.0,0.0,0.0,0.0,0.0,0.0,0.0,6.2521,0.0,0.0,0.0,0.0,0.0,0.0,0.0,0.0,0.0,0.0,0.0,0.0,0.0,6.1857,8.0007,0.0,0.0,0.0,6.4527,0.0,0.0,0.0,0.0,0.0,0.0,0.0,0.0,0.0,0.0,0.0,0.0
Il7r,8.0798,0.0,7.7295,0.0,9.0673,0.0,0.0,0.0,2.2203,0.5361,4.0259,0.0,3.9117,2.7949,0.0,0.0,10.5823,3.5801,0.0,0.0,6.0904,6.6418,0.0,0.0,4.4296,0.0,5.3642,0.0,8.8854,0.0,0.0,0.0,0.0,8.0291,10.0616,1.7137,5.888999999999999,0.0,3.9336,5.1502,0.0,7.4603,0.0,0.0,0.0,0.5261,9.7177,6.5907,0.0,0.0,8.9314,0.0,0.0,9.3122,0.0,0.0,0.0,2.516,2.359,0.7398,5.2219,0.0,0.0,0.0,0.0,0.0,7.4726,8.642000000000001,6.5877,9.1629,8.5184,8.7606,9.5991,4.6927,7.817,6.0911,7.2546,9.8193,0.0,8.5513,0.0,8.766,9.1577,6.4016,8.6225,0.0,8.7469,9.2864,8.2127,0.0,0.0,8.6722,0.0,4.3561,0.0,9.7238,9.3811,0.0,0.0,7.8076,7.2959,5.7866,0.0,8.8249,6.7487,7.0607,0.0,9.2802,8.4075,0.0,8.7885,0.0,3.5336,5.4912,0.0,2.7803,8.0863,7.7886,5.3334,8.9738,8.6947,10.4383,2.0531,9.5655,7.5889,6.4515,8.9233,0.0,0.0,0.0,0.0,0.0,8.5045,8.5365,7.053999999999999,7.877999999999999,5.3957,0.0,8.8641,7.2184,9.4233,0.0,7.4673,1.5656,0.0,3.8885,5.2192,0.0,7.9893,7.4786,6.519,8.5661,0.0,10.0149,7.4343,0.0,10.9432,0.0,0.0,8.8549,9.0525,10.7925,6.0849,0.0,8.8786,9.06,0.0,6.7388,0.0,3.1651,0.0,9.4201,0.0,6.9903,7.4231,0.0,8.9411,0.0,8.0671,0.0,0.0,3.3448,8.3693,6.9934,7.9654,3.157,9.1338,1.9298,0.0,0.0,3.7991,3.6871,8.8798,0.0,9.3169,0.0,7.3544,0.0,8.4432,0.0,5.1123,9.4487,1.3561,9.1664,9.9028,7.3933,8.5006,7.5925,7.2231,8.9001,2.6871,0.0,5.7271,9.3803,0.0,5.8255,4.8202,0.0,0.0,7.0213,8.5777,8.6236,4.9117,6.0631,7.4515,9.2196,9.1386,8.2557,0.0,0.0,6.7522,7.8876,7.1536,3.2296,8.821,9.6763,6.6001,8.4949,0.0,7.2319,2.4568,2.6064,5.8951,9.0321,7.8757,7.8204,6.903,0.0,6.3384,7.8963,6.0974,9.4171,3.3992,0.0,0.0,5.4532,4.2743,10.1049,6.4731,7.7686,5.4114,6.5013,3.359,7.4129,10.5892,6.1803,3.841,0.0,7.2281,0.0,5.7279,0.0,8.8323,1.0286,6.0,7.1637,4.5981,0.0,1.3896,8.1457,3.4854,5.3733,7.6063,7.5047,8.7796,2.251,7.2773,3.3132,7.8452,8.261000000000001,0.6508,7.2328,9.2497,1.5705,7.2712,8.3014,9.0012,8.1307
Fignl1,0.0,6.2985,0.0,0.0,0.0,0.0,4.6943,0.0,0.0,0.0,5.9681,3.9598,0.0,0.0,0.0,0.0,0.0,7.5355,7.3486,5.9343,7.4435,1.5211,7.5014,0.0,5.8204,7.898,0.0,0.0,0.0,4.4686,0.0,5.684,0.0,0.0,0.0,0.0,7.2977,0.0,4.1383,0.0,6.0987,0.0,0.0,7.6526,0.0,0.0,0.0,0.0,0.0,0.0,0.0,0.0,4.1755,0.0,5.6375,6.0385,0.0,0.0,3.1391,6.9062,6.1094,6.8408,0.0,0.0,0.0,0.0,0.0,0.0,7.4715,0.0,0.0,0.0,0.0,6.7884,0.0,0.0,0.0,0.0,0.0,0.0,0.0,0.0,0.0,0.0,0.0,0.0,0.0,0.0,0.0,6.9758,0.0,0.0,0.0,0.0,0.0,0.0,0.0,0.0,0.0,0.0,0.0,0.0,6.0815,0.0,0.0,0.0,0.0,0.0,0.0,0.0,0.0,0.0,0.0,6.1609,0.0,0.0,0.0,0.0,0.0,0.0,0.0,0.0,0.0,0.0,0.0,0.0,0.0,0.0,0.0,0.0,6.312,0.0,0.0,0.0,0.0,0.0,0.0,0.0,0.0,0.0,0.0,0.0,0.0,0.0,0.0,0.0,0.0,4.9621,0.0,0.0,0.0,0.0,5.8902,0.0,0.0,0.0,0.0,0.0,0.0,0.0,0.0,0.0,0.0,5.8329,0.0,0.0,0.0,0.0,0.0,0.0,0.0,0.0,5.9507,0.0,0.0,0.0,0.0,3.8359,0.0,0.0,5.8924,0.0,0.0,0.0,0.0,7.1567,0.0,0.0,0.0,0.0,0.0,0.0,0.0,6.0652,0.0,5.1001,0.0,6.7831,0.0,0.0,0.0,0.0,0.0,0.0,0.0,0.0,0.0,0.0,0.0,0.0,5.2854,0.0,0.0,0.0,0.0,2.1953,0.0,0.0,0.0,0.0,0.0,0.0,0.0,0.0,0.0,0.0,0.0,0.0,0.0,0.0,0.0,0.0,0.0,0.0,0.0,0.0,0.0,0.0,0.0,3.5546,0.0,0.0,5.5859,0.0,0.0,0.0,0.0,0.0,0.0,6.9637,0.0,0.0,0.0,0.0,0.0,0.0,0.0,0.0,0.0,0.0,0.0,7.268,0.0,0.0,0.0,7.1798,0.0,0.0,0.0,0.0,0.0,0.0,0.0,0.0,0.0,0.0,0.0,6.6651,0.0,0.0,0.0,0.0,0.0,0.0,0.0,0.0,0.0,6.0139,0.0,0.0,5.4222,0.0,0.0,0.0,0.0,0.0,0.0,0.0
Ect2,0.0,3.0514,0.0,0.0,0.0,0.0,0.0,0.0,0.0,0.0,5.2713,4.7903,0.0,0.0,0.4436,0.0,0.0,0.0,0.0,0.0,5.2957,0.0,0.0,0.0,0.0,1.926,0.0,0.0,0.0,0.0,0.0,5.7578,0.0,0.0,0.0,0.0,5.0241,0.0,0.0,0.0,2.7887,0.0,6.7797,4.9064,0.0,0.0,0.0,5.8746,0.0,0.0,0.0,0.0,0.0,0.0,0.0,0.9855,0.0,0.0,0.0,0.6229,0.0,0.0,0.0,0.0,0.0,0.0,0.0,0.0,5.2776,0.0,0.0,0.0,0.0,5.4761,4.6041,0.0,0.0,0.0,0.0,0.0,0.0,0.0,0.0,0.0,0.0,0.0,0.0,0.0,0.0,0.0,0.0,0.0,0.0,0.0,0.0,5.6191,0.0,0.0,0.0,0.0,0.0,0.0,0.0,0.0,0.0,0.0,0.0,0.0,0.0,0.0,0.0,0.0,0.0,0.0,0.0,0.0,0.0,0.0,0.0,0.0,0.0,0.0,0.0,0.0,0.0,0.0,0.0,0.0,0.0,0.0,6.273,0.0,0.0,0.0,0.0,0.0,0.0,0.0,0.0,0.0,0.0,0.0,0.0,0.0,0.0,0.0,0.0,0.0,0.0,0.0,0.0,0.0,0.3896,0.0,0.0,0.0,0.0,0.0,0.0,0.0,0.0,0.0,0.0,0.0,0.0,0.0,0.0,0.0,0.0,0.0,0.0,0.0,0.0,0.0,0.0,0.0,0.0,0.0,0.0,0.0,3.9021,0.0,0.0,0.0,0.0,5.4087,0.0,0.0,0.0,0.0,7.0925,0.0,0.0,3.6171,0.0,3.0993,0.0,5.6203,0.0,0.0,0.0,0.0,0.0,0.0,0.0,0.0,0.0,0.0,0.0,0.0,0.0,0.0,0.0,0.0,0.0,3.1906,0.0,0.0,0.0,0.0,0.0,0.0,0.0,0.0,0.0,0.0,0.0,0.0,0.0,0.0,0.0,0.0,0.0,0.0,0.0,0.0,0.0,0.0,0.0,0.0,0.0,0.0,0.0,0.0,0.0,0.0,0.0,0.0,0.0,5.8176,0.0,0.0,0.0,0.0,0.0,0.0,0.0,0.0,0.0,0.0,0.0,0.0,4.4209,0.0,0.0,0.0,0.0,0.0,0.0,0.0,0.0,0.0,0.0,0.0,0.0,6.0126,0.0,3.7517,0.0,0.0,0.0,0.0,0.0,0.0,0.0,4.8669,0.0,0.0,0.0,0.0,0.546,0.0,0.0,0.0,0.0,0.0,0.0,0.0
Ccr9,0.0,0.0,0.0,0.0,0.0,0.0,0.0,0.0,0.0,0.0,0.0,0.0,0.0,0.0,0.0,0.0,0.0,0.0,0.0,0.0,0.0,0.0,0.0,0.0,0.0,0.0,0.0,0.0,0.0,0.0,0.0,0.0,0.0,0.0,0.0,0.0,0.0,0.0,0.0,0.0,0.0,0.0,0.0,0.0,0.0,0.0,0.0,0.0,0.0,0.0,0.0,0.0,0.0,8.484,0.0,0.0,0.0,0.0,0.0,0.0,0.0,0.0,0.0,0.0,0.0,0.0,0.0,0.0,0.0,0.0,0.0,0.0,0.0,0.0,0.0,0.0,0.0,0.0,0.0,0.0,0.0,0.0,0.0,0.0,0.0,0.0,0.0,9.0263,0.0,0.0,0.0,6.3574,0.0,0.0,0.0,0.0,0.0,0.0,0.0,0.0,0.0,0.0,0.0,0.0,0.3219,0.0,0.0,0.0,0.0,0.0,0.0,0.0,0.0,0.0,0.0,0.0,0.0,0.0,0.0,0.0,0.0,0.0,0.0,0.0,0.0,0.0,0.0,1.275,0.0,0.3561,0.0,0.0,0.0,0.0,0.0,0.0,0.0,0.0,0.0,0.0,0.0,0.0,0.0,0.0,0.0,0.0,0.4114,0.0,0.0,0.0,0.0,0.0,0.0,8.8027,0.0,0.0,0.7225,0.0,0.0,0.0,0.0,0.0,0.0,0.0,0.0,0.0,0.0,0.0,0.0,0.0,0.0,0.0,0.0,0.0,0.0,0.0,0.0,0.0,0.0,0.0,0.0,0.0,0.0,0.0,0.0,0.0,0.0,0.0,0.0,7.7758,0.0,0.0,0.0,0.0,0.0,0.0,0.0,0.0,0.0,0.0,4.2638,0.0,0.0,0.0,0.0,0.0,0.0,0.0,0.0,0.0,0.0,0.0,0.0,0.0,4.9718,0.0,0.0,0.0,9.5095,0.0,0.0,0.0,0.0,0.0,0.0,0.0,0.0,10.2532,0.0,0.0,0.0,0.0,0.0,0.0,0.0,0.0,0.0,8.575,0.0,0.0,0.0,0.0,0.0,0.0,3.5656,0.0,0.0,0.0,0.0,0.0,0.0,0.0,0.0,0.0,0.0,0.0,0.0,0.0,0.0,0.0,0.0,0.0,0.0,0.0,0.0,0.0,0.0,0.0,0.0,0.0,0.0,0.0,0.0,0.0,0.0,0.0,0.0,0.0,0.0,0.0,0.0,0.0,0.0,0.0,0.0,0.0,0.0,0.0,0.0,0.0,0.0,0.0,0.0,0.0,0.0,0.0,0.0,0.0
Ifng,0.0,9.2613,0.0,0.0,0.0,0.0,0.0,0.0,0.0,0.0,4.1326,9.8136,0.0,0.0,0.0,0.0,9.9188,0.0,9.1196,0.0,6.1081,0.0,6.1641,0.0,0.0,7.2144,0.0,0.0,0.0,0.0,0.0,8.2333,0.0,0.0,0.0,0.0,7.4459,0.0,9.5897,0.0,8.0059,0.0,0.0,7.5685,7.8946,0.0,0.0,7.8861,0.0,0.0,0.0,0.0,7.3235,5.5814,9.9563,0.0,0.0,0.0,0.0,6.519,6.8163,8.6842,0.0,0.0,0.0,0.0,9.5152,0.0,8.0434,0.0,0.0,0.0,0.0,9.8421,0.0,0.0,0.0,0.0,0.0,0.0,0.0,0.0,0.0,0.0,0.0,0.0,0.0,0.0,0.0,6.4189,0.0,0.0,0.0,0.0,0.0,0.0,0.0,0.0,0.0,0.0,0.0,0.0,7.3302,0.0,0.0,0.0,0.0,0.0,0.0,0.0,0.0,0.0,0.0,6.7347,0.0,0.0,0.0,0.0,0.0,0.0,0.0,0.0,0.0,0.0,0.0,0.0,0.0,0.0,0.0,0.0,0.0,0.0,0.0,0.0,0.0,0.0,7.4761,0.0,0.0,0.0,0.0,0.0,0.0,0.0,0.0,0.0,0.0,9.3001,0.0,0.0,0.0,0.0,8.2704,0.0,0.0,0.0,0.0,1.2928,0.0,0.0,0.0,0.0,0.0,10.6059,0.0,0.0,0.0,0.0,0.0,0.0,0.0,0.0,8.9721,0.0,7.4004,0.0,0.0,9.5413,0.0,0.0,7.1875,0.0,0.0,0.0,0.0,9.1803,0.0,0.0,0.0,0.0,0.0,0.0,0.0,0.0,0.0,9.5303,0.0,7.2877,0.0,0.0,0.0,0.0,0.0,0.0,0.0,0.0,0.0,0.0,0.0,0.0,0.0,0.0,0.0,0.0,4.516,0.0,0.0,7.9601,0.0,0.0,0.0,0.0,0.0,0.0,0.0,0.0,0.0,0.0,0.0,0.0,0.0,0.0,0.0,0.0,0.0,0.0,0.0,0.0,7.5023,0.0,0.0,5.2411,0.0,0.0,0.0,0.0,0.0,0.0,0.0,0.0,0.0,0.0,10.8688,0.0,0.0,0.0,0.0,0.0,0.0,0.0,6.6807,0.0,1.8237,0.0,0.0,3.568,7.1203,0.0,0.0,0.0,0.0,7.2761,0.0,5.9934,11.7421,0.0,0.0,2.969,0.0,6.3611,0.0,0.0,0.0,0.0,0.0,0.0,0.0,0.0,0.0,0.0,7.1955,0.0,0.0,10.0271,0.0,0.0,5.5129,0.0
Il2ra,0.0,0.5945,2.844,0.0,0.0,0.0,0.0,0.9635,0.0,0.9855,7.3794,6.0314,2.0321,0.0,0.0,0.0,0.0,4.8248,5.9269,0.0,5.9193,6.9016,5.6339999999999995,0.0,0.0,0.757,0.0,0.0,1.6645,1.7093,0.0,4.4983,0.3219,0.0,0.0,0.0,3.2705,0.7225,7.1823,0.0,0.0,0.0,0.0,3.0444,0.0,0.0,0.0,0.0,0.0,0.0,0.0,0.0,0.0,0.0,0.0,0.0,0.0,4.7208,0.0,0.0,5.916,5.8176,0.0,0.0,0.0,4.0575,0.546,0.0,4.2987,0.0,0.0,0.0,0.0,5.5239,0.0,0.0,0.0,0.0,0.0,0.0,0.0,0.0,5.3052,0.0,0.0,0.0,0.0,0.0,0.0,0.0,0.0,0.7312,8.1599,1.0772,0.0,0.0,0.0,0.0,0.0,0.0,0.0,0.0,0.0,0.0,4.7975,0.0,0.0,0.0,0.0,0.0,0.0,3.3716,0.0,1.7908,1.3448,0.0,0.0,0.0,0.0,0.0,0.0,0.0,0.0,0.0,0.0,0.0,0.0,0.0,0.0,0.0,0.0,6.3172,0.0,0.0,0.0,0.0,4.6736,0.0,0.0,0.0,0.0,0.0,0.0,0.0,0.0,0.0,0.0,0.0,0.0,0.0,0.0,0.0,0.0,0.0,0.0,0.0,0.0,5.7882,0.0,0.0,0.0,0.0,7.5842,7.6702,3.1731,0.0,0.0,0.0,0.0,0.0,0.0,0.0,4.1867,0.0,0.0,0.0,0.0,2.3757,4.2525,0.0,0.0,0.0,0.0,0.0,0.0,4.8043,0.0,0.0,0.0,0.0,0.0,0.0,4.3009,4.7666,0.0,6.2248,0.0,3.86,0.0,0.0,0.0,0.0,0.0,0.0,0.0,0.0,0.0,0.0,2.5509,0.0,0.0,0.0,0.0,0.0,0.0,7.0078,0.0,7.1671,0.0,0.0,0.0,0.0,0.0,1.3896,0.0,0.0,0.0,0.9561,0.0,0.0,0.0,1.0286,0.9928,0.0,0.0,0.0,1.0566,0.0,3.3016,0.0,0.0,0.7908,6.8449,0.0,0.0,0.0,0.0,0.0,0.0,6.2778,0.0,0.0,6.8987,0.0,0.0,0.0,0.0,0.0,0.0,0.0,0.0,6.7159,3.7388,0.0,0.0,2.6299,2.7225,0.0,0.0,0.0,0.0,0.0,0.0,0.0,0.0,0.0,0.0,5.7276,0.0,0.0,2.0531,0.0,0.0,0.0,0.0,3.0479,0.0,0.0,0.0,0.0,8.4578,0.0,2.0772,0.0,0.0,4.4162,4.6724,0.0
S100a4,0.0,9.1098,0.0,0.0,0.0,0.0,0.0,0.0,0.0,0.0,9.9583,8.7955,9.3546,0.0,0.0,0.0,0.0,8.0523,0.0,10.452,8.3024,7.4116,9.8169,0.0,0.0,0.0,0.0,0.0,11.1747,8.9926,0.0,8.3373,0.0,0.0,0.0,0.0,5.5963,0.0,8.581,0.0,10.7745,0.0,8.6331,8.8507,8.4479,0.0,0.0,0.0,0.0,0.0,0.0,0.0,0.0,7.3884,5.9602,0.0,9.2259,9.5537,0.0,10.2266,7.8260000000000005,9.31,0.0,0.0,0.0,0.0,0.0,0.0,6.0659,0.0,0.0,0.0,0.0,0.0,0.0,0.0,0.0,0.0,0.0,0.0,0.0,7.237,0.0,0.0,0.0,0.0,0.0,0.0,0.0,8.7931,0.0,0.0,0.0,0.0,0.0,0.0,0.0,0.0,0.0,0.0,0.0,0.0,0.0,0.0,0.0,0.0,0.0,0.0,0.0,0.0,0.0,0.0,0.0,9.4108,0.0,0.0,0.0,0.0,0.0,0.0,0.0,0.0,0.0,6.6889,0.0,0.0,0.0,0.0,0.0,0.0,0.0,0.0,0.0,0.0,0.0,0.0,11.0014,0.0,0.0,0.0,0.0,9.6905,0.0,0.0,0.0,0.0,0.0,10.7729,0.0,0.0,0.0,0.0,8.162,0.0,0.0,5.9481,0.0,9.564,0.0,0.0,0.0,0.0,0.0,0.0,8.5388,0.0,0.0,0.0,0.0,0.0,0.0,0.0,0.0,0.0,0.0,0.0,0.0,9.9797,0.0,0.0,0.0,0.0,0.0,0.0,0.0,9.7111,10.6627,0.0,0.0,0.0,0.0,9.3008,0.0,9.9624,0.0,7.8237,0.0,9.0041,9.8779,0.0,0.0,11.5254,0.0,0.0,0.0,0.0,0.0,0.0,0.0,0.0,8.6975,0.0,0.0,10.2793,0.0,9.559,0.0,10.6227,0.0,0.0,0.0,0.0,0.0,0.0,0.0,0.0,0.0,0.0,0.0,0.0,0.0,0.0,0.0,0.0,0.0,0.0,7.6906,0.0,8.7119,9.606,0.0,0.0,0.0,0.0,0.0,0.0,0.0,0.0,0.0,0.0,0.0,0.0,9.4572,0.0,0.0,0.0,0.0,8.2484,0.0,0.0,0.0,0.0,7.5486,0.0,0.0,0.0,8.7829,0.0,0.0,0.0,0.0,0.0,0.0,9.4496,0.0,0.0,0.0,7.6876,0.0,0.0,9.676,0.0,0.0,0.0,0.0,0.0,8.9026,0.0,0.0,0.0,10.1818,10.1994,0.0,0.0,0.0,0.0,0.0,9.6088
Cks2,0.0,7.664,0.0,0.0,0.0,0.0,6.4145,6.7909,0.0,0.0,8.1916,7.7681,0.0,0.0,5.7181,0.0,0.0,8.1657,6.7463,7.9427,7.3821,5.1268,8.002,0.0,0.0,7.7816,2.516,0.0,0.0,8.1135,0.0,5.4864,8.2555,0.0,0.0,0.0,7.3103,0.0,8.6839,0.0,7.8008,8.7119,9.6267,8.0817,8.0175,0.0,0.0,8.3871,0.0,0.0,0.0,0.0,0.0,0.0,6.8377,7.1833,0.0,8.0434,0.0,2.2357,8.1502,6.8864,0.0,0.0,7.4927,9.2556,0.0,0.0,8.4254,0.0,0.0,0.0,0.0,8.4727,0.0,0.0,8.2422,0.0,0.0,0.0,0.0,0.0,7.8526,0.0,8.296,0.0,0.0,0.0,0.0,7.071000000000001,0.0,0.0,0.0,8.7635,0.0,0.0,0.0,0.0,0.0,0.0,0.0,3.7517,3.7289999999999996,0.0,8.8248,0.0,6.4573,0.0,2.2569999999999997,0.0,0.0,0.0,0.0,7.1557,0.0,0.0,0.0,0.0,0.0,0.0,0.0,0.0,0.0,0.0,0.0,7.3759,0.0,0.0,0.0,0.0,6.9576,0.0,0.0,9.504,0.0,6.6592,6.406000000000001,0.0,0.0,0.0,0.0,0.0,0.0,0.0,0.0,0.0,0.0,7.5046,0.0,0.0,0.0,0.0,7.8962,0.0,0.0,7.3514,0.0,7.3439,7.2174,9.1462,0.0,0.0,0.0,7.7444,0.0,0.0,0.0,0.0,0.0,0.0,7.6851,0.0,7.3421,6.1955,0.0,0.0,7.5557,7.5978,0.0,3.6147,6.6779,0.0,0.0,0.0,0.0,7.1234,0.0,0.0,0.0,0.0,0.0,0.0,0.0,7.1878,0.0,8.7172,0.0,8.4447,8.9214,0.0,7.4947,0.0,0.0,0.0,0.0,0.0,6.9785,0.0,0.0,9.0492,6.9511,0.0,1.275,9.1787,0.0,7.1438,0.0,7.5641,0.0,10.2745,0.0,0.0,0.0,0.0,0.0,0.0,6.3132,0.0,0.0,0.0,0.0,0.0,0.0,6.2342,0.0,0.0,0.0,0.0,7.2139999999999995,6.3667,2.7181,0.0,7.6394,0.0,0.0,0.0,0.0,5.5388,0.0,6.9869,0.0,3.6927,7.1925,9.7492,4.9542,0.0,0.0,0.0,0.0,0.0,0.0,3.4803,7.0726,0.0,0.0,0.0,0.0,0.0,0.0,0.0,0.0,0.0,9.7031,7.6977,0.0,5.6082,0.0,6.3457,3.4555,0.0,3.9542,0.0,0.0,3.3646,0.0,8.157,0.0,6.2889,0.0,4.8919,1.9373,0.0,0.0,0.0,0.0,0.0,0.0,0.0
Anxa2,11.788,11.2722,10.3067,0.0,9.0978,9.66,10.9058,9.1374,9.6175,10.3523,9.9898,11.2807,0.0,0.0,0.0,0.0,11.4494,9.6501,11.4074,11.1511,11.1476,10.4253,9.6523,0.0,9.1059,11.8114,4.607,9.1039,0.0,11.0846,8.4601,11.234000000000002,10.2939,10.6584,0.0,10.7871,11.3795,10.2459,10.7012,0.0,12.1845,1.5656,11.9171,10.5865,10.4186,0.0,0.0,10.7359,0.0,9.7332,11.5498,0.0,9.6975,9.1799,6.6663,10.2301,11.1221,10.9438,5.6041,11.7568,11.8063,10.5827,0.0,11.0334,8.5717,0.0,0.0,0.0,10.4455,0.0,9.8976,0.0,0.0,11.3164,0.0,9.8724,0.0,0.0,9.162,7.8524,8.0779,9.5093,8.1747,8.0059,0.0,9.3625,11.3391,0.0,9.3677,7.8572,0.0,0.0,0.0,10.5023,7.0411,0.0,0.0,10.6432,5.0054,0.0,0.0,8.4078,10.8939,7.7417,0.0,0.0,0.0,0.0,1.4957,11.2589,0.0,9.4181,11.0588,10.4094,10.5878,1.3618,0.0,0.0,9.1818,0.0,8.4698,5.2407,9.5625,11.2881,6.1106,10.6418,0.0,0.0,0.0,0.0,8.3996,11.3914,10.1534,0.0,9.4301,0.0,11.7567,9.9094,0.0,0.0,0.0,10.450999999999999,0.0,12.1667,0.0,0.0,0.0,10.5115,0.0,0.0,1.5656,0.0,11.4112,0.0,0.0,10.5497,8.6315,11.322000000000001,0.0,0.0,10.1715,0.0,6.9339,10.504000000000001,9.7307,6.7486,0.0,0.0,11.1175,0.0,0.0,0.0,11.4777,0.0,8.9148,0.0,0.0,11.8859,0.0,0.0,11.0201,0.0,10.823,0.0,9.6361,11.2934,0.0,9.7385,11.8377,0.0,0.0,9.8325,9.2831,11.5976,0.0,10.5408,0.0,9.1868,0.0,0.0,0.0,8.4141,0.0,0.0,0.0,0.0,0.0,0.0,9.2818,8.6042,9.3166,0.0,8.5305,9.5508,10.6538,8.844,10.8136,10.3378,0.0,0.0,9.8317,8.7833,9.2026,12.7722,7.1143,9.4084,0.0,0.0,7.8236,0.0,0.0,10.709000000000001,11.5823,10.5022,9.0775,10.1333,9.0738,0.0,11.9749,11.9786,9.9624,9.4124,10.6052,0.0,0.0,10.4347,0.0,9.5152,0.0,10.1985,0.0,0.0,11.4423,0.0,9.3405,0.0,10.8622,10.193999999999999,9.9905,10.5902,8.9542,9.5892,10.089,10.1705,0.0,5.3201,11.706,0.0,0.0,10.8741,11.0901,9.8416,0.0,11.2371,2.6848,9.0093,9.8524,8.8644,8.9257,10.8019,10.467,7.0833,0.0,0.0,10.8531,9.609,0.0,10.1524,0.0,0.0,10.4563,0.0,11.0447,0.0,9.0608,0.0,0.0,11.5768
Bub1b,0.0,0.0,0.0,0.0,0.0,0.0,0.0,0.0,0.0,0.0,7.5903,6.4976,0.0,0.0,0.0,0.0,0.0,5.4851,5.6772,0.0,5.9193,0.0,0.0,0.0,1.5509,5.292000000000001,0.0,0.0,0.0,0.0,0.0,5.5717,6.8349,0.0,0.0,0.0,5.4919,0.0,5.9516,0.0,6.9359,0.0,0.0,0.0,0.0,0.0,0.0,5.8204,0.0,0.0,0.0,0.0,0.0,0.0,0.0,6.5625,0.0,0.0,0.0,4.2994,5.9189,0.0,0.0,0.0,0.0,0.0,0.0,0.0,7.0731,0.0,0.0,0.0,0.0,5.9743,0.0,0.0,4.9069,0.0,0.0,0.0,0.0,0.0,0.0,0.0,0.0,0.0,0.0,0.0,0.0,0.0,0.0,0.0,0.0,0.0,0.0,0.0,0.0,0.0,0.0,0.0,0.0,0.0,5.602,0.0,0.0,0.0,0.0,0.0,0.0,0.0,0.0,0.0,0.0,0.0,0.0,0.0,0.0,0.0,0.0,0.0,0.0,0.0,0.0,0.0,0.0,0.0,0.0,0.0,0.0,0.0,6.9729,0.0,0.0,0.0,0.0,0.0,0.0,0.0,0.0,0.0,0.0,0.0,0.0,0.0,0.0,0.0,0.0,5.9607,0.0,0.0,0.0,0.0,0.0,0.0,0.0,0.0,0.0,0.0,0.0,0.0,0.0,0.0,0.0,7.4781,0.0,0.0,0.0,0.0,0.0,0.0,0.0,0.0,3.5135,0.0,0.0,0.0,0.0,4.1635,0.0,0.0,7.6503,0.0,0.0,0.0,0.0,0.0,0.0,0.0,0.0,0.0,0.0,0.0,0.0,0.0,0.0,2.1043,0.0,5.5392,0.0,0.0,0.0,2.5361,0.0,0.0,0.0,0.0,0.0,0.0,0.0,0.0,0.0,0.0,0.0,0.0,0.0,4.1851,0.0,0.0,0.0,0.0,0.0,0.0,0.0,0.0,0.0,0.0,0.0,0.0,0.0,0.0,0.0,0.0,0.0,0.0,0.0,0.0,0.0,0.0,4.6058,0.0,0.0,0.0,0.0,0.0,0.0,0.0,0.0,0.0,0.0,0.5945,0.0,0.0,4.9542,0.0,0.0,0.0,0.0,0.0,0.0,0.0,0.0,0.0,4.7469,0.0,0.0,0.0,6.7362,0.0,0.0,0.0,0.0,0.0,0.0,0.0,0.0,0.0,0.0,0.0,0.0,0.0,2.4463,0.8953,0.0,0.0,0.0,7.4524,0.0,4.6932,0.0,0.0,4.9914,0.0,0.0,0.0,0.0,0.0,0.0,0.0
Cks1b,0.0,7.8321,0.0,0.0,0.0,0.0,7.9268,9.2351,0.0,0.0,8.5346,8.8268,0.0,0.0,0.0,0.0,0.0,9.1187,9.2487,0.0,8.9718,7.9429,8.5421,0.0,8.4798,8.5105,0.0,0.0,0.0,9.3431,0.0,8.5707,9.0186,0.0,0.0,0.0,8.8007,0.0,8.5047,0.0,8.7614,0.0,9.7112,9.4054,7.8766,0.0,0.0,9.4799,0.0,0.0,0.0,0.0,8.9307,0.0,7.3762,9.3973,0.0,0.0,5.6539,8.4956,8.4481,9.121,0.0,0.0,0.0,8.4495,0.0,0.0,8.92,0.0,0.0,0.0,0.0,8.2911,0.0,0.0,0.0,0.0,0.0,0.0,0.0,0.0,7.6301,0.0,0.0,0.0,0.0,0.0,0.0,9.0233,0.0,0.0,0.0,0.0,0.0,0.0,0.0,0.0,0.0,0.0,0.0,5.8392,8.9067,0.0,0.0,0.0,0.0,0.0,0.0,0.0,0.0,9.3169,0.0,6.784,0.0,0.0,0.0,0.0,0.0,0.0,0.0,3.6588,8.6433,0.0,0.0,0.0,0.0,0.0,0.0,0.0,8.1663,0.0,0.0,0.0,0.0,0.0,6.563,0.0,0.0,0.0,0.0,0.0,0.0,0.0,0.0,0.0,0.0,7.4538,9.8717,0.0,0.0,0.0,9.3113,0.0,0.0,0.0,0.0,7.6394,0.0,0.0,0.0,0.0,0.0,8.7272,0.0,0.0,0.0,0.0,0.0,0.0,0.0,0.0,8.9265,0.0,0.0,0.0,0.0,7.5533,0.0,0.0,9.9418,0.0,0.0,0.0,0.0,5.5951,8.5012,0.0,0.0,0.0,0.0,0.0,0.0,9.356,0.0,8.7283,0.0,9.3443,0.0,0.0,0.0,0.0,0.0,0.0,0.0,0.0,0.0,0.0,0.0,0.0,5.8629,0.0,0.0,0.0,0.0,8.5764,0.0,8.9662,0.0,0.0,0.0,0.0,0.0,0.0,8.2388,0.0,0.0,0.0,0.0,0.0,0.0,0.0,0.0,0.0,0.0,0.0,0.0,0.0,8.4364,0.0,0.0,0.0,8.2182,0.0,0.0,0.0,0.0,0.0,0.0,8.6971,0.0,0.0,9.824,0.0,0.0,5.8435,0.0,0.0,0.0,0.0,0.0,7.9149,6.4752,0.0,0.0,7.4742,9.1997,0.0,0.0,0.0,0.0,0.0,0.0,8.6795,0.0,0.0,0.0,5.6082,6.4912,0.0,4.1285,7.3295,0.0,0.0,0.0,8.9717,0.0,8.5312,0.0,0.0,7.712999999999999,0.0,0.0,0.0,0.0,0.0,0.0,0.0
Fabp5,4.3262,6.3705,0.0,0.0,0.0,0.0,0.0,0.0,0.0,0.0,6.5359,5.6806,0.0,0.0,1.6462,0.0,0.0,6.5196,7.3662,7.2059,7.1856,7.4742,0.0,0.0,7.5424,6.3147,0.0,0.0,0.0,0.0,0.0,7.3079,0.0,0.0,0.0,0.0,7.9928,0.0,7.291,0.0,6.0611,0.0,0.0,8.1354,7.5702,0.0,0.0,6.8241,0.0,0.0,0.0,0.0,0.0,4.5416,5.7347,0.0,8.4492,0.0,5.2071,6.0065,6.0836,8.0023,0.0,0.0,0.0,0.0,0.0,0.0,6.4085,0.0,0.0,0.0,0.0,7.819,0.0,0.0,0.0,0.0,0.0,0.0,0.0,5.9907,0.0,0.0,2.4647,3.4919,0.0,0.0,0.0,5.8347,0.0,0.0,0.0,0.0,0.0,0.0,0.0,0.0,0.0,0.0,0.0,0.0,6.9651,0.0,0.0,0.0,0.0,0.0,0.0,0.0,0.0,4.5053,0.0,8.2517,0.0,4.8425,0.0,0.0,0.0,0.0,0.0,5.532,8.5868,0.0,0.0,0.0,0.0,0.0,0.0,0.0,0.0,0.0,0.0,0.0,0.0,0.0,0.0,0.0,0.0,0.0,0.0,0.0,0.0,0.0,0.0,0.0,0.0,7.9683,0.0,0.0,0.0,0.0,7.9109,0.0,0.0,0.0,0.0,8.0945,0.0,0.0,0.0,0.0,0.0,0.0,0.0,0.0,0.0,0.0,0.0,0.0,0.0,0.0,7.8438,0.0,0.0,0.0,0.0,6.6456,0.0,0.0,6.7725,0.0,0.0,0.0,0.0,6.5048,0.0,0.0,0.0,0.0,0.0,0.0,0.0,6.709,0.0,8.9263,0.0,8.2885,0.0,0.0,0.0,0.0,0.0,0.0,0.0,0.0,0.0,0.0,0.0,0.0,0.0,0.0,5.7126,0.0,0.0,7.8724,0.0,8.0336,8.3026,0.0,0.0,0.0,0.0,0.0,7.6508,0.0,0.0,0.0,0.0,0.0,0.0,0.0,0.0,0.0,0.0,0.0,0.0,0.0,7.1116,7.1079,0.0,0.0,7.4947,0.0,0.0,0.0,0.0,0.0,0.0,8.2405,0.0,0.0,5.9644,0.0,0.0,0.0,0.0,0.0,0.0,0.0,0.0,5.8314,6.8506,0.0,0.0,6.6689,7.3142,0.0,0.0,0.0,0.0,0.0,0.0,7.4208,0.0,0.0,0.0,0.0,0.0,0.0,7.181,0.0,0.0,0.0,0.0,5.4928,0.0,6.5427,0.0,0.0,7.8723,0.0,0.0,0.0,0.0,0.0,0.0,0.0
Ccna2,0.0,6.105,0.0,0.0,0.0,0.0,6.8529,6.1391,0.0,0.0,9.0512,7.0542,0.0,0.0,0.0,0.0,0.0,7.6137,7.3997,7.9333,8.9539,0.0,8.4681,0.0,0.0,8.4045,0.0,0.0,0.0,8.4818,0.0,7.7285,8.4229,0.0,0.0,0.0,8.8928,0.0,8.187000000000001,0.0,7.5133,0.0,9.6746,7.062,7.5419,0.0,0.0,9.3536,0.0,0.0,0.0,0.0,0.0,0.0,0.0,7.7606,0.0,0.0,0.0,7.6297,8.552999999999999,5.2055,0.0,0.0,0.0,0.0,0.0,0.0,8.0654,0.0,0.0,0.0,0.0,8.8041,0.0,0.0,0.0,0.0,0.0,0.0,0.0,0.0,0.0,0.0,0.0,0.0,0.0,0.0,0.0,5.8875,0.0,0.0,0.0,0.0,0.0,0.0,0.0,0.0,0.0,0.0,0.0,0.0,8.9534,0.0,0.0,0.0,0.0,0.0,0.0,0.0,0.0,0.0,0.0,0.0,0.0,0.0,0.0,0.0,0.0,0.0,0.0,0.0,0.0,0.0,0.0,0.0,0.0,0.0,0.0,0.0,1.6599,0.0,0.0,0.0,0.0,0.0,0.0,0.0,0.0,0.0,0.0,0.0,0.0,0.0,0.0,0.0,0.0,7.7535,0.0,0.0,0.0,0.0,8.1458,0.0,0.0,0.0,0.0,7.9491,0.0,0.0,0.0,0.0,0.0,7.69,0.0,0.0,0.0,0.0,0.0,0.0,0.0,0.0,5.7439,0.0,0.0,0.0,0.0,5.0378,0.0,0.0,8.127,0.0,0.0,0.0,0.0,0.3103,0.0,0.0,0.0,0.0,0.0,0.0,0.0,5.898,0.0,6.2065,0.0,8.9214,0.0,0.0,0.0,0.0,0.0,0.0,0.0,0.0,0.0,0.0,0.0,0.0,0.0,0.0,0.0,0.0,0.0,2.025,0.0,0.0,0.0,0.0,0.0,0.0,0.0,0.0,0.0,0.0,0.0,0.0,0.0,0.0,0.0,0.0,0.0,0.0,0.0,0.0,0.0,0.0,8.2572,0.0,0.0,5.5385,6.7170000000000005,0.0,0.0,0.0,2.0807,0.0,0.0,7.4066,0.0,0.0,6.5616,0.0,0.0,0.0,0.0,0.0,0.0,2.0942,0.0,0.0,5.0387,0.0,0.0,0.0,5.9288,0.0,0.0,0.0,0.0,0.0,0.0,0.0,0.0,0.0,0.0,0.0,0.0,0.0,6.8166,7.9299,0.0,0.0,0.0,8.347000000000001,0.0,0.0,0.0,0.0,6.4568,0.0,0.0,0.0,0.0,0.0,0.0,0.0
Klf2,0.0,0.0,0.0,0.0,0.0,7.5006,0.0,0.0,0.0,0.0,0.0,0.0,0.0,0.0,0.0,0.0,7.2862,0.0,0.0,0.0,0.0,0.0,0.0,6.5185,0.0,4.851,0.0,0.0,8.165,4.4634,0.0,0.0,6.1845,0.0,0.0,7.0735,0.0,0.0,0.0,6.19,0.0,0.0,0.0,0.0,0.0,0.0,5.1014,0.0,0.0,0.0,0.0,0.0,0.0,0.0,0.0,5.3712,0.0,0.0,8.0001,0.0,1.3505,0.0,0.0,8.7146,0.0,0.0,8.057,0.0,0.0,0.0,0.0,0.0,0.0,0.0,0.0,0.0,7.3904,7.1488,8.3927,0.0,0.0,0.0,0.0,8.3924,0.0,0.0,0.0,0.0,0.0,0.0,0.0,8.9574,7.3906,0.0,0.0,7.6736,0.0,0.0,0.0,5.3316,6.2871,0.0,0.0,0.0,0.0,0.0,4.3262,8.0391,7.11,0.0,0.0,0.0,0.0,0.0,0.0,0.0,0.0,1.9336,0.0,0.0,7.0374,0.0,0.0,4.4938,0.0,0.0,0.0,0.0,7.8455,0.0,0.0,0.0,0.0,0.0,0.0,0.0,0.0,0.0,0.0,0.0,0.0,0.0,7.0938,0.0,0.0,0.0,5.1218,0.0,0.0,0.0,0.0,0.0,0.0,8.2008,0.0,0.0,4.4289,0.0,0.0,8.1408,0.0,1.3045,0.0,0.0,0.0,0.0,2.6112,0.0,3.3743,0.0,0.0,0.0,0.0,0.0,4.6041,0.0,0.0,0.0,5.0347,0.0,2.1635,0.0,0.0,0.0,0.0,0.0,0.0,0.0,0.0,4.6582,0.0,5.6141,8.0564,0.0,0.0,0.0,0.0,0.0,0.0,0.0,0.0,0.0,8.78,0.0,8.7909,0.0,0.0,0.0,0.0,0.0,0.0,0.0,0.0,0.0,0.0,0.0,0.0,0.0,2.2141,5.905,0.0,0.0,0.0,0.0,0.0,0.0,0.0,1.7442,3.0339,0.0,0.0,0.0,0.0,2.0772,5.8071,0.0,0.0,0.0,0.0,0.0,0.0,6.9839,0.0,0.0,9.052999999999999,0.0,0.0,7.502000000000001,8.271,0.0,0.0,9.0869,0.0,7.7119,0.0,0.0,7.3784,7.7753,0.0,0.0,6.6103,0.0,0.0,3.8972,7.9285,0.0,0.0,6.0742,0.0,0.0,0.0,0.0,6.4752,0.0,0.0,0.0,4.3234,0.0,0.0,0.0,0.0,0.0,6.9408,0.0,0.0,0.0,0.0,0.0,0.0,0.0,0.0,0.0,0.0,0.0,0.0,0.0,0.0,0.0
Igfbp4,0.0,0.0,0.0,0.0,9.6865,0.0,0.0,0.0,0.0,0.0,0.0,0.0,0.0,0.0,0.0,0.0,0.0,0.0,0.0,0.0,0.0,0.0,0.0,0.0,0.0,0.0,0.0,0.0,0.0,0.0,0.0,0.0,0.0,0.0,0.0,0.0,0.0,0.0,0.0,0.0,0.0,4.9547,0.0,0.0,0.0,0.0,0.0,0.0,8.9529,0.0,0.0,8.8914,0.0,0.0,0.0,0.0,0.0,0.0,0.0,0.0,0.0,0.0,0.0,0.0,0.0,0.0,0.0,0.0,0.0,0.0,0.0,0.0,0.0,0.0,0.0,0.0,0.0,0.0,0.0,0.0,0.0,0.0,0.0,0.0,0.0,0.0,0.0,9.1521,0.0,0.0,0.0,9.7062,0.0,0.0,0.0,0.0,0.0,0.0,0.0,0.0,0.0,0.0,0.0,11.0917,0.0,6.5884,0.0,0.0,0.0,0.0,0.0,0.0,0.0,0.0,0.0,8.2148,0.0,0.0,0.0,0.0,0.0,0.0,0.0,0.0,0.0,0.0,0.0,12.0089,0.0,0.0,0.0,0.0,0.0,0.0,0.0,8.3623,0.0,0.0,0.0,8.4887,0.0,6.327999999999999,0.0,0.0,0.0,0.0,7.4966,0.0,0.0,0.0,0.0,0.0,0.0,0.0,0.0,0.0,0.0,0.0,0.0,7.6363,0.0,0.0,0.0,0.0,0.0,0.0,0.0,0.0,0.0,9.9297,10.6491,0.0,0.0,10.6681,0.0,0.0,0.0,0.0,0.0,9.8152,0.0,8.1975,0.0,0.0,0.0,0.0,0.0,0.0,0.0,0.0,0.0,0.0,0.0,0.0,0.0,0.0,0.0,0.0,0.0,0.0,0.0,0.0,0.0,0.0,0.0,0.0,0.0,0.0,0.0,0.0,0.0,0.0,0.0,0.0,0.0,0.0,0.0,0.0,0.0,0.0,0.0,0.0,0.0,0.0,0.0,0.0,0.0,0.0,0.0,0.0,0.0,0.0,0.0,0.0,0.0,0.0,0.0,6.784,0.0,0.0,0.0,0.0,0.0,0.0,0.0,7.2808,0.0,0.0,8.8056,0.0,0.0,8.3988,0.0,0.0,6.8699,0.0,0.0,0.0,0.0,0.0,0.0,0.0,0.0,0.0,0.0,0.0,0.0,0.0,0.0,0.0,7.9134,0.0,0.0,0.0,0.0,0.0,0.0,0.0,0.0,0.0,0.0,0.0,8.8401,9.1702,0.0,0.0,0.0,5.3377,0.0,0.0,0.0,0.0,0.0,0.0,0.0,0.0,0.0,0.0
Pank1,0.0,0.0,0.0,0.0,0.0,0.0,0.0,0.0,0.0,0.0,0.0,0.0,0.0,0.0,0.0,0.0,0.0,0.0,0.0,0.0,0.0,0.0,0.0,0.0,0.0,0.0,0.0,0.0,0.0,0.0,0.0,0.0,0.0,0.0,0.0,0.0,0.0,0.0,0.0,0.0,0.0,0.0,0.0,0.0,0.0,0.0,0.0,0.0,0.0,0.0,0.0,0.0,0.0,0.0,0.0,0.0,0.0,0.0,0.0,0.0,0.0,0.0,0.0,0.0,0.0,0.0,0.0,0.0,0.0,0.0,0.0,0.0,0.0,0.0,0.0,0.0,0.0,0.0,0.0,0.0,0.0,0.0,0.0,0.0,0.0,0.0,0.0,0.0,0.0,0.0,0.0,0.0,0.0,0.0,0.0,0.0,0.0,0.0,0.0,0.0,0.0,0.0,0.0,0.0,0.0,0.0,0.0,0.0,0.0,0.0,0.0,0.0,0.0,0.0,0.0,0.0,0.0,0.0,0.0,0.0,0.0,0.0,0.0,0.0,0.0,0.0,0.0,0.0,0.0,0.0,0.0,0.0,0.0,0.0,0.0,0.0,0.0,0.0,0.0,0.0,0.0,0.0,0.0,0.0,0.0,0.0,0.0,0.0,0.0,0.0,0.0,0.0,0.0,0.0,0.0,0.0,0.0,0.0,0.0,0.0,0.0,0.0,0.0,0.0,0.0,0.0,0.0,0.0,0.0,0.0,0.0,0.0,0.0,0.0,0.0,0.0,0.0,0.0,0.0,0.0,0.0,0.0,0.0,0.0,0.0,0.0,0.0,0.0,0.0,0.0,0.0,0.0,0.0,0.0,0.0,0.0,0.0,0.0,0.0,0.0,0.0,0.0,0.0,0.0,0.0,0.0,0.0,0.0,0.0,0.0,0.0,0.0,0.0,0.0,0.0,0.0,0.0,0.0,0.0,0.0,0.0,0.0,0.0,0.0,0.0,0.0,0.0,0.0,0.0,0.0,0.0,0.0,0.0,0.0,0.0,0.0,0.0,0.0,0.0,0.0,0.0,0.0,0.0,0.0,0.0,0.0,0.0,0.0,0.0,0.0,0.0,0.0,0.0,0.0,0.0,0.0,0.0,0.0,0.0,0.0,0.0,0.0,0.0,0.0,0.0,0.0,0.0,0.0,0.0,0.0,0.0,0.0,0.0,0.0,0.0,0.0,0.0,0.0,0.0,0.0,0.0,0.0,0.0,0.0,0.0,0.0,8.6102,0.0,0.0,0.0,0.0,0.0,0.0,0.0,0.0,0.0,0.0,0.0
Aurkb,0.0,7.3143,0.0,0.0,0.0,0.0,0.0,0.0,0.0,0.0,7.9132,7.9868,0.0,0.0,0.0,0.0,0.0,6.456,7.5534,6.9646,7.725,5.9621,7.8895,0.0,0.0,8.3515,0.0,0.0,0.0,8.1285,0.0,8.3096,9.6467,0.0,0.0,0.0,7.0912,0.0,7.7513,0.0,8.1181,0.0,0.0,8.4015,6.2122,0.0,0.0,9.155,0.0,0.0,0.0,0.0,7.2226,0.0,5.6611,8.148,0.0,0.0,0.0,7.3503,6.6663,0.0,0.0,0.0,0.0,0.0,0.0,0.0,8.7981,0.0,0.0,0.0,0.0,8.0787,0.0,0.0,0.0,0.0,0.0,0.0,0.0,0.0,0.0,0.0,0.0,0.0,0.0,0.0,0.0,0.0,0.0,0.0,0.0,0.0,0.0,0.0,0.0,0.0,0.0,0.0,0.0,0.0,0.0,0.0,0.0,0.0,0.0,0.0,0.0,0.0,0.0,0.0,0.0,0.0,0.0,0.0,0.0,0.0,0.0,0.0,0.0,0.0,0.0,0.0,0.0,0.0,0.0,0.0,0.0,0.0,8.9983,0.0,0.0,0.0,0.0,0.0,0.0,0.0,0.0,0.0,0.0,0.0,0.0,0.0,0.0,0.0,0.0,8.7224,0.0,0.0,0.0,0.0,7.1211,0.0,0.0,0.0,0.0,6.5992,0.0,0.0,0.0,0.0,0.0,7.8085,0.0,0.0,0.0,0.0,0.0,0.0,0.0,0.0,4.9841,0.0,0.0,0.0,0.0,7.0828,0.0,0.0,7.114,0.0,0.0,0.0,0.0,6.3885,0.0,0.0,0.0,0.0,0.0,0.0,0.0,0.0,0.0,5.7679,0.0,7.718,0.0,0.0,0.0,0.0,0.0,0.0,0.0,0.0,0.0,0.0,0.0,0.0,0.0,0.0,0.0,0.0,0.0,6.3731,0.0,0.0,0.0,0.0,0.0,0.0,0.0,0.0,0.0,0.0,0.0,0.0,0.0,0.0,0.0,0.0,0.0,0.0,0.0,0.0,0.0,0.0,6.205,0.0,0.0,0.0,5.8552,0.0,0.0,0.0,0.0,0.0,0.0,7.404,0.0,0.0,5.5432,0.0,0.0,0.0,0.0,0.0,0.0,0.0,0.0,5.7004,7.6885,0.0,0.0,6.0887,0.0,0.0,0.0,0.0,0.0,0.0,0.0,0.0,0.0,5.7939,0.0,6.0453,0.0,0.0,5.2219,0.0,0.0,0.0,0.0,8.5686,0.0,5.647,0.0,0.0,4.926,0.0,0.0,0.0,0.0,0.0,0.0,0.0
Spsb2,0.0,0.0,0.0,0.0,0.0,0.0,0.0,0.0,0.0,0.0,0.0,0.0,0.0,0.0,0.0,0.0,0.0,0.0,0.0,0.0,0.0,0.0,0.0,0.0,0.0,0.0,0.0,0.0,0.0,0.0,0.0,0.0,0.0,0.0,0.0,0.0,0.0,0.0,0.0,0.0,0.0,0.0,0.0,0.0,0.0,0.0,0.0,0.0,0.0,0.0,0.0,0.0,0.0,0.0,0.0,0.0,0.0,0.0,0.0,0.0,0.0,0.0,0.0,0.0,0.0,0.0,0.0,0.0,0.0,0.0,0.0,0.0,0.0,0.0,0.0,0.0,0.0,0.0,0.0,0.0,0.0,0.0,0.0,0.0,0.0,0.0,0.0,0.0,0.0,5.4296,0.0,0.0,0.0,0.0,0.0,0.0,0.0,0.0,0.0,0.0,0.0,0.0,0.0,0.0,0.0,0.0,0.0,0.0,0.0,0.0,0.0,0.0,0.0,0.0,0.0,0.0,0.0,0.0,0.0,0.0,0.0,0.0,0.0,0.0,0.0,0.0,0.0,0.0,0.0,0.0,0.0,0.0,0.0,0.0,0.0,0.0,0.0,0.0,0.0,0.0,0.0,0.0,0.0,0.0,0.0,0.0,0.0,0.0,0.0,0.0,0.0,0.0,0.0,0.0,0.0,0.0,0.0,0.0,0.0,0.0,0.0,0.0,0.0,0.0,0.0,0.0,0.0,0.0,0.0,0.0,0.0,0.0,0.0,0.0,0.0,0.0,0.0,0.0,0.0,0.0,0.0,0.0,9.2665,0.0,0.0,0.0,0.0,0.0,0.0,0.0,8.8401,0.0,0.0,0.0,1.7782,4.7153,0.0,0.0,0.0,0.0,0.0,0.0,0.0,0.0,0.0,0.0,0.0,0.0,0.0,0.0,0.0,0.0,0.0,0.0,3.3176,0.0,0.0,0.0,0.0,0.0,0.0,0.0,0.0,0.0,0.0,0.0,0.0,0.0,0.0,8.5088,0.0,0.0,0.0,0.0,0.0,0.0,0.0,0.0,0.0,0.0,0.0,0.0,0.0,0.0,0.0,0.0,0.0,0.0,0.0,7.1392,0.0,0.0,0.0,0.0,0.0,0.0,0.0,0.0,0.0,0.0,0.0,0.0,0.0,0.0,0.0,0.0,0.0,0.0,0.0,0.0,0.0,0.0,0.0,0.0,0.0,0.0,0.0,0.0,0.0,0.0,0.0,0.0,0.0,0.0,0.0,0.0,0.0,0.0,0.0,0.0,0.0,0.0,0.0,0.0,0.0,0.0,0.0,0.0
Itgae,0.0,0.0,0.0,0.0,0.0,0.0,8.8532,0.0,0.0,0.0,0.0,0.0,0.0,0.0,0.0,0.0,0.0,0.0,0.0,0.0,0.0,0.0,0.0,0.0,0.0,0.0,0.0,0.0,0.0,0.0,0.0,0.0,0.0,0.0,6.7339,0.0,0.0,0.0,0.0,0.0,0.0,0.0,0.0,0.0,0.0,0.0,0.0,0.0,0.0,0.0,0.0,0.0,0.0,0.0,0.0,0.0,0.0,0.0,9.0334,0.0,0.0,0.0,0.0,0.0,0.0,0.0,0.0,0.0,0.0,0.0,0.0,0.0,0.0,0.0,0.0,0.0,0.0,0.0,0.0,0.0,0.0,0.0,7.2043,0.0,6.6559,5.9869,0.0,0.0,0.0,0.0,0.0,0.0,0.0,0.0,0.0,0.0,0.0,0.0,0.0,0.0,0.0,0.0,0.0,0.0,9.0024,0.0,0.0,0.0,0.0,0.0,0.0,0.0,0.0,0.0,0.0,0.0,0.0,0.0,0.0,0.0,0.0,0.0,0.0,7.2647,7.956,0.0,0.0,0.0,0.0,0.0,0.0,0.0,0.0,0.0,0.0,0.0,0.0,0.0,0.0,0.0,0.0,0.0,0.0,8.9408,0.0,0.0,0.0,0.0,0.0,9.2858,0.0,0.0,0.0,0.0,0.0,0.0,0.0,0.0,0.0,0.0,0.0,0.0,0.0,0.0,0.0,0.0,0.0,0.0,0.0,0.0,0.0,0.0,0.0,0.0,0.0,0.0,0.0,0.0,0.0,8.4941,0.0,0.0,0.0,0.0,0.0,0.0,0.0,0.0,0.0,0.0,0.0,0.0,0.0,0.0,0.0,0.0,0.0,0.0,0.0,8.8621,0.0,0.0,6.263,0.0,9.2187,9.3887,0.0,0.0,0.0,0.0,0.0,0.0,0.0,9.2353,9.8211,0.0,0.0,0.0,8.0231,0.0,0.0,0.0,0.0,0.0,0.0,0.0,0.0,8.7247,0.0,0.0,7.5808,0.0,0.0,0.0,0.0,0.0,0.0,0.0,0.0,0.0,0.0,0.0,7.5806,0.0,0.0,0.0,0.0,0.0,0.0,6.0336,0.0,8.4261,0.0,0.0,0.0,0.0,0.0,0.0,0.0,0.0,0.0,0.0,0.0,0.0,0.0,0.0,0.0,0.0,0.0,0.0,0.0,0.0,0.0,0.0,5.4097,0.0,0.0,0.0,0.0,0.0,0.0,0.0,0.0,0.0,0.0,0.0,6.433,0.0,0.0,0.0,0.0,0.0,0.0,0.0,0.0,6.0661,0.0,0.0
Elovl1,0.0,8.027999999999999,7.2936,5.9069,0.0,0.0,8.2471,8.0604,0.0,0.0,5.8112,6.2399,0.0,0.0,3.1027,0.0,0.0,7.8137,7.4534,5.4796,6.6044,6.8539,8.5733,0.0,0.0,7.4854,0.0,0.0,0.0,2.2388,7.4341,0.0,0.0,0.0,0.0,0.0,6.7361,0.0,6.6931,0.0,7.5521,8.8489,8.6329,6.9847,0.0,0.0,0.0,6.8509,0.0,0.0,9.193,8.2207,7.3279,0.0,6.8382,8.4259,6.5699,9.1703,0.0,0.0,7.2574,7.327000000000001,0.0,9.2373,0.0,0.0,0.0,8.8305,7.4237,0.0,0.0,0.0,6.52,7.9592,0.0,0.0,0.0,0.0,0.0,0.0,0.0,0.0,0.0,0.0,0.0,0.0,4.8037,0.0,0.0,6.8845,0.0,0.0,0.0,0.0,0.0,0.0,0.0,9.9195,0.0,0.0,7.745,0.0,8.9423,0.0,0.0,0.0,0.0,0.0,0.0,0.0,7.9468,8.4146,0.0,5.8562,6.0762,0.0,0.0,0.0,8.4772,8.7245,0.0,3.9155,9.2768,0.0,0.0,3.4777,0.0,0.0,0.0,0.0,7.2061,0.0,0.0,0.0,0.0,0.0,6.9613,0.0,0.0,0.0,0.0,0.0,0.0,0.0,0.0,0.0,8.2312,7.7863,0.0,7.5966,0.0,0.0,7.4889,0.0,0.0,0.0,0.0,0.0,0.0,0.0,0.0,0.0,0.0,8.1234,6.4859,0.0,0.0,7.9859,0.0,8.0441,0.0,0.0,7.0781,0.0,0.0,0.0,0.0,7.2254,0.0,0.0,6.9235,0.0,0.0,0.0,0.0,0.0,0.0,9.1544,0.0,1.585,9.5098,0.0,0.0,6.7773,7.7868,7.5989,7.8769,6.4923,0.0,0.0,0.0,0.0,9.0868,8.6733,0.0,0.0,0.0,0.0,0.0,0.0,7.0191,0.0,0.0,0.0,0.0,6.0955,0.0,0.0,7.1945,0.0,9.2963,0.0,0.0,8.1338,0.0,0.0,0.0,0.0,0.0,0.0,3.0197,0.0,0.0,0.0,0.0,0.0,7.6803,0.0,6.5106,7.3744,0.0,0.0,3.8953,0.0,0.0,8.4001,0.0,0.0,9.201,7.5975,0.0,0.0,9.2935,0.0,5.6421,9.0323,0.0,10.0558,0.0,0.0,7.7931,0.0,7.8158,0.0,9.3728,6.0329999999999995,6.1418,0.0,0.0,0.0,7.4321,0.0,0.0,7.1109,0.0,0.0,0.0,7.6751,0.0,8.5673,0.0,7.3093,0.0,8.7461,0.0,0.0,0.0,6.8039,4.8465,0.0,0.0,0.0,7.6053,0.0,0.0,0.0,0.0,0.0
Mt1,0.0,7.2373,0.0,0.0,0.0,0.0,7.7867,0.0,0.0,9.6359,5.645,0.0,0.0,0.0,7.3407,0.0,0.0,0.0,6.0137,0.0,7.2231,0.0,0.0,0.0,4.1795,0.0,0.0,0.0,9.4069,7.7019,0.0,0.0,0.0,0.0,0.0,0.0,8.7838,6.9319,6.4968,0.0,9.1477,0.0,1.5993,6.4067,0.0,0.0,0.0,0.0,0.0,0.0,0.0,0.0,0.0,0.0,7.0406,0.0,8.501,0.0,2.1375,0.0,0.0,7.7816,0.0,0.0,0.0,0.0,0.0,0.0,7.8886,0.0,0.0,0.0,0.0,6.6444,0.0,0.0,0.0,0.0,0.0,0.0,0.0,0.0,0.0,0.0,8.2848,0.0,0.0,0.0,0.0,0.0,0.0,0.0,0.0,0.0,0.0,0.0,6.9176,4.8084,0.0,0.0,0.0,0.0,5.3313,0.0,0.0,0.0,0.0,0.0,0.0,0.0,0.0,7.4545,0.0,0.0,0.0,0.0,0.0,0.0,0.0,0.0,0.0,0.0,0.0,0.0,0.0,0.0,0.0,0.0,0.0,0.0,7.093999999999999,0.0,0.0,0.0,0.0,0.0,7.5218,0.0,0.0,0.0,0.0,0.0,0.0,0.0,0.0,8.5312,0.0,8.5814,0.0,0.0,0.0,0.0,7.5067,0.0,0.0,0.0,0.0,8.1321,0.0,0.0,0.0,7.707999999999999,0.0,5.4864,0.0,8.3759,0.0,0.0,0.0,0.0,0.0,0.0,5.6616,0.0,0.0,0.0,0.0,7.1665,0.0,0.0,2.4168,0.0,0.0,0.0,0.0,5.8076,0.0,0.0,0.0,0.0,0.0,0.0,0.0,6.2889,0.0,8.0153,0.0,0.0,0.0,0.0,8.1705,0.0,0.0,0.0,0.0,0.0,0.0,0.0,0.0,0.0,0.0,0.0,0.0,0.0,0.0,7.3265,0.0,0.0,0.0,0.0,7.879,0.0,0.0,0.0,0.0,0.0,0.0,0.0,0.0,0.0,0.0,0.0,0.0,4.6106,0.0,0.0,7.787999999999999,0.0,4.3868,0.0,0.0,0.0,5.6761,0.0,0.0,0.0,0.0,0.0,0.0,7.1262,0.0,0.0,2.4005,0.0,0.0,0.0,0.0,0.0,0.0,0.0,0.0,0.0,0.0,0.0,0.0,0.0,0.0,3.7377,8.9767,0.0,0.0,0.0,9.0183,7.5545,0.0,9.3591,0.0,7.7018,6.5721,0.0,5.5954,7.8544,0.0,0.0,5.0648,0.0,0.0,6.6238,0.0,7.6986,0.0,0.0,0.0,7.51,0.0,0.0,0.0,0.0
Asns,0.0,7.1544,0.0,0.0,0.0,0.0,0.0,0.0,0.0,0.0,7.4439,8.7754,0.0,0.0,0.0,0.0,0.0,6.3503,7.1221,6.1465,0.0,0.0,6.8636,0.0,0.0,6.6901,0.0,0.0,0.0,6.067,0.0,0.0,0.0,0.0,0.0,0.0,0.0,0.0,0.0,0.0,6.5968,0.0,0.0,8.1598,7.0438,0.0,0.0,0.0,0.0,0.0,0.0,0.0,0.0,0.0,6.8358,0.0,6.6511,0.0,0.0,0.0,7.6507,0.0,0.0,0.0,0.0,0.0,0.0,0.0,5.6433,0.0,0.0,0.0,0.0,8.0965,0.0,0.0,0.0,0.0,0.0,0.0,0.0,0.0,0.0,0.0,0.0,0.0,0.0,0.0,0.0,5.6845,0.0,0.0,0.0,0.0,0.0,0.0,0.0,0.0,0.0,0.0,0.0,0.0,0.0,0.0,0.0,0.0,0.0,0.0,0.0,0.0,0.0,4.9523,0.0,0.0,0.0,0.0,0.0,0.0,0.0,0.0,0.0,0.0,0.0,0.0,0.0,0.0,0.0,0.0,0.0,0.0,0.0,0.0,0.0,0.0,0.0,0.0,7.9185,0.0,0.0,0.0,0.0,0.0,0.0,0.0,0.0,0.0,0.0,6.5908,0.0,0.0,0.0,0.0,7.0194,0.0,0.0,0.0,0.0,0.0,0.0,0.0,0.0,0.0,0.0,6.8631,0.0,0.0,0.0,0.0,0.0,0.0,0.0,0.0,6.07,0.0,0.0,0.0,0.0,6.8562,0.0,0.0,0.0,0.0,0.0,0.0,0.0,6.0076,0.0,0.0,0.0,0.0,0.0,0.0,0.0,8.0671,0.0,6.9258,0.0,5.9692,0.0,0.0,0.0,0.0,0.0,0.0,0.0,0.0,0.0,0.0,0.0,0.0,0.0,0.0,0.0,0.0,0.0,0.0,0.0,0.0,0.0,0.0,0.0,0.0,0.0,0.0,0.0,0.0,0.0,0.0,0.0,0.0,0.0,0.0,0.0,0.0,0.0,0.0,0.0,0.0,6.9767,0.0,0.0,0.0,0.0,0.0,0.0,0.0,0.0,0.0,0.0,4.7756,0.0,0.0,6.4998,0.0,0.0,0.0,0.0,0.0,0.0,0.0,0.0,0.0,8.0128,0.0,0.0,0.0,6.6786,0.0,0.0,0.0,0.0,0.0,0.0,0.0,0.0,0.0,0.0,0.0,0.0,0.0,0.0,0.0,0.0,0.0,0.0,0.0,0.0,0.0,0.0,0.0,4.8515,0.0,0.0,0.0,0.0,0.0,0.0,0.0
Ccnb2,0.0,8.4728,0.0,0.0,0.0,0.0,0.0,9.0729,0.0,0.0,6.8714,6.872999999999999,0.0,0.0,0.0,0.0,0.0,8.0576,0.0,7.593,3.9069,0.0,0.0,0.0,0.0,6.4759,5.972,0.0,0.0,7.9784,0.0,7.1808,5.5898,0.0,0.0,0.0,4.3161,0.0,8.0035,0.0,7.1755,0.0,9.705,6.979,2.3277,0.0,0.0,9.8476,0.0,0.0,0.0,0.0,0.0,0.0,0.0,3.3771,8.7117,0.0,0.0,7.7917,7.2626,8.0151,0.0,0.0,0.0,0.0,0.0,0.0,7.4659,0.0,0.0,0.0,0.0,4.7798,0.0,0.0,0.0,0.0,0.0,0.0,0.0,0.0,0.0,0.0,0.0,0.0,0.0,0.0,0.0,7.3302,0.0,0.0,0.0,0.0,0.0,0.0,0.0,8.6833,0.0,0.0,0.0,0.0,7.2001,0.0,0.0,0.0,0.0,0.0,0.0,0.0,0.0,0.0,0.0,0.0,0.0,0.0,0.0,0.0,0.0,0.0,0.0,0.0,0.0,0.0,0.0,0.0,0.0,0.0,0.0,0.0,7.6234,0.0,0.0,0.0,0.0,0.0,0.0,0.0,0.0,0.0,0.0,0.0,0.0,0.0,0.0,0.0,0.0,2.541,1.6323,0.0,0.0,0.0,7.5359,0.0,0.0,0.0,0.0,7.5855,0.0,0.0,0.0,0.0,0.0,6.9542,0.0,0.0,0.0,0.0,0.0,0.0,0.0,0.0,8.7616,0.0,0.0,0.0,0.0,0.0,0.0,0.0,8.9469,0.0,0.0,0.0,0.0,6.1641,0.0,0.0,0.0,0.0,0.0,0.0,0.0,7.7308,0.0,0.0,0.0,6.2797,0.0,0.0,0.0,0.0,0.0,0.0,0.0,0.0,0.0,0.0,0.0,0.0,5.5217,0.0,0.0,0.0,0.0,0.0,0.0,0.0,0.0,0.0,0.0,0.0,0.0,0.0,0.0,0.0,0.0,0.0,0.0,0.0,0.0,0.0,0.0,0.0,0.0,0.0,0.0,0.0,9.3263,5.1727,0.0,0.0,8.7043,0.0,0.0,9.9626,0.0,0.0,0.0,0.0,0.0,0.0,7.7748,0.0,0.0,0.0,0.0,0.0,0.0,0.0,0.0,8.0289,5.0233,0.0,0.0,0.0,9.7694,0.0,0.0,0.0,0.0,0.0,0.0,7.3502,0.0,0.0,0.0,0.0,0.0,0.0,7.7527,9.9909,0.0,0.0,0.0,4.9208,0.0,8.6033,0.0,0.0,5.7637,0.0,0.0,0.0,0.0,0.0,0.0,0.0
Melk,0.0,5.6767,0.0,0.0,0.0,0.0,0.0,0.0,0.0,0.0,7.4936,1.7049,0.0,0.0,0.0,0.0,0.0,5.477,6.263999999999999,6.4214,3.9212,0.0,0.0,0.0,0.0,6.2217,0.0,0.0,0.0,5.6834,0.0,7.1307,0.0,0.0,0.0,0.0,5.9862,0.0,5.2902,0.0,5.8951,0.0,8.2974,5.4571,0.0,0.0,0.0,7.9788,0.0,0.0,0.0,0.0,0.0,0.0,0.0,6.9695,0.0,0.0,0.0,6.2489,5.8215,0.0,0.0,0.0,0.0,0.0,0.0,0.0,6.8904,0.0,0.0,0.0,0.0,6.9217,0.0,0.0,0.0,0.0,0.0,0.0,0.0,0.0,0.0,0.0,0.0,0.0,0.0,0.0,0.0,6.4241,0.0,0.0,0.0,0.0,0.0,0.0,0.0,0.0,0.0,0.0,0.0,0.0,5.0951,0.0,0.0,0.0,0.0,0.0,0.0,0.0,0.0,0.0,0.0,0.0,0.0,0.0,0.0,0.0,0.0,0.0,0.0,0.0,0.0,0.0,0.0,0.0,0.0,0.0,0.0,0.0,5.761,0.0,0.0,0.0,0.0,0.0,0.0,0.0,0.0,0.0,0.0,0.0,0.0,0.0,0.0,0.0,0.0,0.4957,0.0,0.0,0.0,0.0,5.5963,0.0,0.0,0.0,0.0,6.27,0.0,0.0,0.0,0.0,0.0,3.3448,0.0,0.0,0.0,0.0,0.0,0.0,0.0,0.0,0.0,0.0,0.0,0.0,0.0,0.0,0.0,0.0,0.0,0.0,0.0,0.0,0.0,0.0,0.0,0.0,0.0,0.0,0.0,0.0,0.0,0.0,0.0,3.6542,0.0,5.2024,0.0,0.0,0.0,0.0,0.0,0.0,0.0,0.0,0.0,0.0,0.0,0.0,0.0,0.0,0.0,0.0,0.0,2.3757,0.0,0.0,0.0,0.0,0.0,0.0,0.0,0.0,0.0,0.0,0.0,0.0,0.0,0.0,0.0,0.0,0.0,0.0,0.0,0.0,0.0,0.0,7.1231,6.4308,0.0,0.0,0.7137,0.0,0.0,0.0,0.0,0.0,0.0,5.3005,0.0,0.0,4.6387,0.0,0.0,0.0,0.0,0.0,0.0,0.0,0.0,6.6982,3.5521,0.0,0.0,0.0,0.0,0.0,0.0,0.0,0.0,0.0,0.0,3.8227,0.0,0.0,0.0,0.0,0.0,0.0,0.0,0.0,0.0,0.0,0.0,2.7093,0.0,0.0,0.0,0.0,0.0,0.0,0.0,0.0,0.0,0.0,0.0,0.0
Cdc20,0.0,6.2108,0.0,0.0,0.0,0.0,0.0,0.0,0.0,0.0,8.0717,0.0,0.0,0.0,0.0,0.0,0.0,8.2208,6.2059,0.0,7.5203,0.0,3.3118,0.0,6.4119,8.1822,0.0,0.0,0.0,7.108,0.0,0.0,0.0,0.0,0.0,0.0,0.0,0.0,6.9592,0.0,6.3649,0.0,10.1273,0.0,8.4385,0.0,0.0,8.0665,0.0,0.0,0.0,0.0,0.0,0.0,8.0763,6.9995,0.0,0.0,3.1177,0.0,8.1714,0.0,0.0,0.0,0.0,5.2791,0.0,0.0,6.6215,0.0,0.0,0.0,0.0,0.0,0.0,0.0,0.0,0.0,0.0,0.0,0.0,0.0,7.502999999999999,0.0,0.0,0.0,0.0,0.0,0.0,6.6292,0.0,0.0,0.0,0.0,0.0,0.0,0.0,0.0,0.0,0.0,0.0,0.0,5.791,0.0,0.0,0.0,0.0,0.0,0.0,0.0,0.0,0.0,0.0,6.5862,0.0,0.0,0.0,0.0,0.0,0.0,0.0,0.0,0.0,0.0,0.0,8.2541,0.0,0.0,0.0,0.0,0.0,0.0,0.0,0.0,0.0,0.0,0.0,0.0,0.0,0.0,0.0,0.0,0.0,0.0,0.0,0.0,0.0,6.5013,0.0,0.0,0.0,0.0,0.0,0.0,0.0,0.0,0.0,7.5557,0.0,0.0,0.0,0.0,0.0,5.5106,0.0,0.0,0.0,0.0,0.0,0.0,0.0,0.0,6.416,0.0,0.0,0.0,0.0,0.0,0.0,0.0,8.8495,0.0,0.0,0.0,0.0,0.0,0.0,0.0,0.0,0.0,0.0,0.0,0.0,6.3406,0.0,6.6689,0.0,0.0,0.0,0.0,0.0,0.0,0.0,0.0,0.0,0.0,0.0,0.0,0.0,0.0,0.0,0.0,0.0,0.0,0.0,0.0,0.0,0.0,0.0,0.0,0.0,0.0,0.0,0.0,0.0,0.0,0.0,0.0,0.0,0.0,0.0,0.0,0.0,0.0,8.9262,0.0,0.0,0.0,9.5123,0.0,0.0,0.0,4.8904,0.0,0.0,0.0,0.0,0.0,0.0,0.0,0.0,0.0,7.1057,0.0,0.0,0.0,0.0,0.0,0.0,0.0,0.0,0.0,6.3009,0.0,0.0,2.0738,7.4682,0.0,0.0,0.0,0.0,0.0,0.0,0.0,0.0,0.0,0.0,1.0976,0.0,0.0,4.1953,8.1848,0.0,0.0,0.0,7.3122,0.0,5.5188,0.0,0.0,6.3609,0.0,0.0,0.0,0.0,0.0,0.0,0.0
Cdca7,0.0,8.3303,0.0,0.0,0.0,0.0,7.1458,0.0,0.0,0.0,7.278,0.0,0.0,0.0,0.0,0.0,0.0,6.2694,0.0,8.0516,6.9726,6.9941,5.9208,0.0,7.5583,7.0384,0.0,8.4956,0.0,4.4101,0.0,0.0,5.7309,0.0,0.0,0.0,7.6516,0.0,0.0,0.0,0.0,0.0,7.6406,6.2451,0.0,0.0,0.0,0.0,0.0,0.0,0.0,0.0,8.4215,0.0,7.2752,0.0,7.6099,0.0,5.0569999999999995,4.8958,6.272,0.0,0.0,0.0,0.0,6.6076,0.0,0.0,5.7485,0.0,0.0,0.0,0.0,5.4016,0.0,0.0,0.0,0.0,0.0,0.0,0.0,0.0,6.8660000000000005,0.0,5.2909,8.6057,0.0,0.0,0.0,7.725,0.0,0.0,0.0,0.0,0.0,0.0,0.0,0.0,0.0,0.0,0.0,0.0,7.3085,0.0,0.0,0.0,0.0,0.0,0.0,0.0,0.0,9.2518,0.0,6.8515,8.4279,0.0,0.0,0.0,7.8301,0.0,0.0,0.0,0.0,0.0,0.0,0.0,0.0,0.0,0.0,0.0,7.487,0.0,0.0,0.0,0.0,0.0,7.1587,0.0,0.0,0.0,0.0,0.0,0.0,0.0,0.0,0.0,0.0,6.3282,0.0,0.0,0.0,0.0,7.2067,0.0,0.0,0.0,0.0,7.4384,0.0,0.0,0.0,0.0,0.0,7.3681,0.0,0.0,0.0,0.0,0.0,0.0,0.0,0.0,0.0,0.0,0.0,0.0,0.0,0.0,0.0,0.0,0.0,0.0,0.0,0.0,0.0,7.7042,0.0,8.6099,0.0,0.0,0.0,0.0,0.0,2.1667,0.0,6.9845,0.0,6.6415,0.0,0.0,0.0,0.0,0.0,0.0,0.0,0.0,0.0,0.0,0.0,0.0,7.3636,0.0,7.343999999999999,0.0,0.0,3.272,0.0,0.0,0.0,8.5642,0.0,7.218,0.0,0.0,0.0,0.0,0.0,0.0,0.0,0.0,0.0,0.0,0.0,7.1743,0.0,0.0,0.0,0.0,0.0,7.5276,0.0,0.0,7.1372,0.0,0.0,0.0,0.0,0.0,0.0,0.0,0.0,0.0,0.0,0.0,0.0,0.0,0.0,0.0,0.0,0.0,0.0,6.7948,7.1596,0.0,0.0,5.845,8.335,0.0,0.0,0.0,0.0,0.0,0.0,7.8152,0.0,0.0,0.0,7.9629,0.0,0.0,5.0845,0.0,0.0,0.0,0.0,7.7517,8.2558,7.9843,0.0,0.0,5.856,0.0,0.0,0.0,0.0,0.0,0.0,0.0
Ramp1,0.0,0.0,0.0,0.0,0.0,0.0,0.0,5.905,0.0,0.0,0.0,0.0,0.0,0.0,0.0,0.0,0.0,3.0409,0.0,0.0,0.0,0.0,0.0,0.0,6.3020000000000005,0.0,0.0,0.0,0.0,0.0,0.0,0.0,0.0,0.0,0.0,0.0,0.0,0.0,0.0,6.1902,0.0,0.0,0.0,0.0,0.0,0.0,0.0,0.0,0.0,0.0,0.0,0.0,0.0,9.1522,0.0,5.78,0.0,0.0,4.0678,0.0,5.7363,0.0,0.0,8.2458,0.0,0.0,0.0,0.0,0.0,0.0,0.0,8.8914,0.0,0.0,0.0,0.0,7.0057,0.0,0.0,0.0,0.0,0.0,9.6777,0.0,0.0,0.0,0.0,0.0,0.0,0.0,0.0,0.0,8.2763,0.0,0.0,0.0,0.0,0.0,0.0,0.0,0.0,0.0,0.0,0.0,8.0721,0.0,0.0,0.0,0.0,0.0,0.0,0.0,0.0,0.0,0.0,7.5123,0.0,0.0,0.0,0.0,0.0,0.0,0.0,0.0,0.0,0.0,0.0,0.0,0.0,0.0,0.0,0.0,0.0,0.0,5.5065,0.0,0.0,0.0,0.0,0.0,0.0,0.0,0.0,0.0,0.0,0.0,0.0,0.0,0.0,0.0,0.0,0.0,0.0,0.0,0.0,0.0,0.0,0.0,0.0,0.0,0.0,0.0,0.0,0.0,0.0,0.0,0.0,0.0,0.0,0.0,0.0,0.0,0.0,0.0,0.0,0.0,0.0,0.0,0.0,5.88,0.0,0.0,0.0,8.0504,0.0,5.1647,0.0,8.8758,0.0,0.0,0.0,0.0,0.0,0.0,0.0,0.0,0.0,0.0,0.0,0.0,0.0,0.0,0.0,0.0,0.0,0.0,0.0,8.5944,0.0,0.0,0.0,0.0,4.3771,8.0874,0.0,0.0,0.0,0.0,8.5746,0.0,0.0,0.0,0.0,0.0,0.0,0.0,0.0,0.0,0.0,0.0,1.9782,0.0,0.0,0.0,0.0,0.0,0.0,0.0,0.0,0.0,0.0,0.0,0.0,0.0,0.0,0.0,0.0,0.0,0.0,0.0,0.0,0.0,0.0,0.0,0.0,0.0,0.0,0.0,0.0,0.0,0.0,2.3161,0.0,0.0,0.0,0.0,0.0,0.0,0.0,6.9684,4.2063,0.0,0.0,0.0,0.0,0.0,0.0,0.84,6.1502,0.0,0.0,0.0,0.0,0.0,0.0,0.0,0.0,0.0,0.0,0.0,0.0,0.0,0.0,0.0,0.0,0.0,0.0,0.0
Nek2,0.0,5.5668,0.0,0.0,0.0,0.0,0.0,6.5721,0.0,0.0,5.1256,4.3334,0.0,0.0,0.0,0.0,0.0,6.308,5.4715,0.0,5.968999999999999,0.0,5.8863,0.0,5.3034,6.2765,0.0,0.0,0.0,0.0,0.0,0.0,0.0,0.0,0.0,0.0,0.0,0.0,0.0,0.0,6.7262,0.0,7.7531,5.51,0.0,0.0,0.0,0.0,0.0,0.0,0.0,0.0,0.0,0.0,0.0,5.2001,6.3309,0.0,2.7071,0.0,4.3349,0.0,0.0,0.0,0.0,5.9376,0.0,0.0,6.4728,0.0,0.0,0.0,0.0,0.0,0.0,0.0,0.0,0.0,0.0,0.0,0.0,0.0,0.0,0.0,0.0,0.0,0.0,0.0,0.0,2.1795,0.0,0.0,0.0,0.0,0.0,0.0,0.0,0.0,0.0,0.0,0.0,0.0,0.0,0.0,0.0,0.0,0.0,0.0,0.0,0.0,0.0,0.0,0.0,0.0,0.0,0.0,0.0,0.0,0.0,0.0,0.0,0.0,0.0,0.0,0.0,0.0,0.0,0.9709,0.0,0.0,0.0,0.0,0.0,0.0,0.0,0.0,0.0,0.0,0.0,0.0,0.0,0.0,0.0,0.0,0.0,0.0,0.0,0.0,0.0,0.0,0.0,0.0,3.0669999999999997,0.0,0.0,0.0,0.0,4.9973,0.0,0.0,0.0,0.0,0.0,0.0,0.0,0.0,0.0,0.0,0.0,0.0,0.0,0.0,0.0,0.0,0.0,0.0,0.0,0.0,0.0,0.0,0.0,0.0,0.0,0.0,0.0,0.0,0.0,0.0,0.0,0.0,0.0,0.0,0.0,6.4229,0.0,6.4321,0.0,6.5148,0.0,0.0,0.0,0.0,0.0,0.0,0.0,0.0,0.0,0.0,0.0,0.0,0.0,0.0,0.0,0.0,0.0,0.0,0.0,0.0,0.0,0.0,0.0,0.0,0.0,0.0,0.0,0.0,0.0,0.0,0.0,0.0,0.0,0.0,0.0,0.0,0.0,0.0,0.0,0.0,6.8895,0.0,0.0,0.0,4.5662,0.0,0.0,0.0,0.0,0.0,0.0,0.0,0.0,0.0,7.0396,0.0,0.0,0.0,0.0,0.0,0.0,0.0,0.0,0.0,0.0,0.0,0.0,0.0,0.0,0.0,0.0,0.0,0.0,0.0,0.0,0.0,0.0,0.0,0.0,0.0,0.0,0.0,0.0,0.0,0.0,0.0,0.0,2.2569999999999997,0.0,0.0,0.0,0.0,0.0,0.0,0.0,0.0,0.0,0.0,0.0,0.0
Emp1,0.0,0.0,0.0,0.0,0.0,0.0,0.0,0.0,0.0,0.0,0.0,0.0,0.0,0.0,0.0,0.0,0.0,0.0,0.0,0.0,0.0,0.0,0.0,0.0,0.0,0.0,0.0,0.0,0.0,0.0,0.0,0.516,0.0,0.0,0.0,0.0,0.0,0.0,0.0,0.0,0.0,0.0,0.0,0.0,0.0,0.0,0.0,0.0,0.0,0.0,0.0,0.0,0.0,0.0,0.0,0.0,0.0,0.0,0.0,0.0,1.0841,0.0,0.0,0.0,0.0,1.1243,0.0,0.0,0.0,0.0,0.0,0.0,0.0,0.0,0.0,0.0,0.0,0.0,0.0,0.0,0.0,0.0,0.0,0.0,0.0,0.0,0.0,0.0,0.0,0.0,0.0,0.0,0.0,0.0,0.0,0.0,0.0,0.0,0.0,0.0,0.0,0.0,0.0,0.0,0.0,0.0,0.0,0.0,0.0,0.0,0.0,0.0,0.0,0.0,0.0,0.0,0.0,0.0,0.0,0.0,0.0,0.0,0.0,0.0,0.0,0.0,0.0,0.0,0.0,0.0,0.0,0.0,9.0806,0.0,0.0,0.0,0.0,0.0,0.0,0.0,0.0,0.0,0.0,0.0,0.0,0.0,0.0,0.0,0.0,0.0,0.0,0.0,0.0,0.0,0.0,0.0,0.0,0.0,0.0,0.0,0.0,0.0,0.0,0.0,0.0,0.0,0.0,0.0,0.0,0.0,0.0,0.0,0.0,0.0,0.0,0.0,0.0,0.0,0.0,0.0,0.0,0.0,0.0,0.0,0.0,0.0,0.0,0.0,0.0,0.0,0.0,0.0,0.0,0.0,0.0,0.0,0.0,0.0,0.0,0.0,0.0,0.0,0.0,0.0,0.0,0.0,0.0,0.0,0.0,0.0,0.0,0.0,0.0,0.0,0.0,0.0,0.0,0.0,0.0,0.0,0.0,0.0,0.0,0.0,0.0,0.0,0.0,0.0,0.0,0.0,0.0,0.0,0.0,0.0,2.6713,0.0,0.0,0.0,5.4283,0.0,0.0,0.0,0.0,0.0,0.0,0.0,0.0,0.0,0.0,0.0,0.0,0.0,0.0,0.0,0.0,0.0,0.0,0.0,0.0,0.0,0.0,0.0,0.0,0.0,0.0,0.0,0.0,0.0,0.0,0.0,0.0,0.0,0.0,3.3477,0.0,0.0,0.0,0.0,0.0,0.0,0.0,0.0,0.0,0.0,0.0,0.0,0.0,0.0,0.0,0.0,0.0,0.0,0.0,0.0,0.0,0.0,0.0,0.0
Anxa1,0.0,0.0,0.0,0.0,0.0,0.0,8.8835,0.0,0.0,1.0772,0.0,0.0,0.0,0.0,0.0,0.0,0.0,5.7347,0.0,0.0,0.0,0.0,0.0,0.0,0.0,0.0,0.0,0.0,0.0,0.0,0.0,5.5726,0.0,0.0,0.0,0.0,0.0,0.0,0.0,0.0,0.0,0.0,0.0,0.0,0.0,0.0,0.0,0.0,0.0,0.0,0.0,0.0,0.0,0.0,0.0,9.9646,0.0,0.0,0.0,0.0,5.739,0.0,0.0,0.0,0.0,0.0,0.0,0.0,0.0,0.0,0.0,0.0,0.0,5.7949,0.0,0.0,0.0,0.0,0.0,0.0,0.0,0.0,0.0,0.0,0.0,0.0,0.0,0.0,0.0,0.0,0.0,0.0,0.0,0.0,0.0,0.0,0.0,0.0,0.0,0.0,0.0,0.0,0.0,0.0,0.0,0.0,0.0,0.0,0.0,0.0,0.0,0.0,0.0,0.0,0.0,0.0,0.0,0.0,0.0,0.0,0.0,0.0,0.0,0.0,0.0,0.0,0.0,0.0,0.0,0.0,6.2763,0.0,0.0,0.0,0.0,0.0,0.0,0.0,0.0,0.0,0.0,0.0,0.0,0.0,0.0,0.0,0.0,0.0,0.0,0.0,0.0,0.0,0.0,0.0,0.0,0.0,0.0,0.0,0.0,0.0,0.0,0.0,0.0,0.0,0.0,0.0,0.0,0.0,0.0,0.0,0.0,0.0,0.0,0.0,0.0,0.0,0.0,0.0,0.0,0.0,0.0,0.0,0.0,0.0,0.0,0.0,0.0,0.0,0.0,0.0,0.0,0.0,0.0,0.0,0.0,0.0,0.0,0.0,0.0,0.0,0.0,0.0,0.0,0.0,0.0,0.0,0.0,0.0,0.0,0.0,0.0,0.0,0.0,0.0,0.0,0.0,0.0,0.0,0.0,0.0,0.0,0.0,0.0,0.0,0.0,0.0,0.0,0.0,0.0,0.0,0.0,0.0,0.0,0.0,0.0,0.0,0.0,0.0,0.0,0.0,0.0,0.0,0.0,0.0,0.0,0.0,0.0,0.0,0.0,0.0,0.0,0.0,0.0,0.0,0.0,0.0,0.0,0.0,0.0,0.0,0.0,0.0,5.5176,0.0,0.0,0.0,0.0,0.0,0.0,0.0,0.0,0.0,0.0,0.0,0.0,0.0,0.0,0.0,0.0,0.0,0.0,0.0,0.0,0.0,8.8924,0.0,0.0,0.0,0.0,0.0,0.0,0.0,0.0,0.0,0.0,0.0,0.0,0.0
Gzmk,0.0,9.7121,0.0,0.0,0.0,8.7154,0.0,0.0,0.0,0.0,0.0,7.1603,0.0,0.0,0.0,10.707,0.0,0.0,0.0,0.0,0.0,0.0,0.0,0.0,0.0,1.3448,9.6716,11.0236,0.0,6.2472,0.0,6.8166,0.0,0.0,0.0,0.0,6.6615,9.5744,0.0,0.0,7.1173,0.0,11.1612,4.9477,0.0,0.0,0.0,8.5081,0.0,0.0,0.0,0.0,10.2477,0.0,0.0,0.0,10.2447,0.0,0.0,0.0,0.0,0.0,0.0,0.0,0.0,0.0,0.0,0.0,5.9110000000000005,0.0,0.0,0.0,0.0,0.0,0.0,0.0,0.0,0.0,0.0,0.0,0.0,0.0,0.0,0.0,7.4831,0.0,0.0,0.0,0.0,7.5875,10.7834,0.0,0.0,0.0,0.0,0.0,0.0,0.0,0.0,0.0,0.0,0.0,5.0356,0.0,0.0,0.0,0.0,0.0,0.0,9.4719,0.0,0.0,0.0,0.0,0.0,0.0,0.0,0.0,5.3561,8.9577,0.0,5.0959,11.1065,0.0,0.0,0.0,0.0,0.0,0.0,0.0,9.3526,0.0,0.0,0.0,0.0,0.0,8.0057,0.0,0.0,0.0,0.0,0.0,0.0,9.2364,0.0,0.0,0.0,8.7017,0.0,0.0,0.0,0.0,9.2403,0.0,0.0,9.0938,9.4197,9.0204,0.0,0.0,0.0,0.0,0.0,0.0,0.0,0.0,0.0,0.0,0.0,0.0,0.0,0.0,6.5509,0.0,0.0,0.0,0.0,0.0,0.0,0.0,5.7716,0.0,0.0,0.0,8.9103,6.3797,0.0,0.0,0.0,0.0,0.0,0.0,6.2829999999999995,0.0,0.0,8.8015,0.0,0.0,10.0188,0.0,0.0,0.0,0.0,0.0,0.0,0.0,0.0,0.0,0.0,0.0,0.0,0.0,0.0,0.0,0.0,0.0,0.0,0.0,0.0,0.0,9.6916,0.0,0.0,0.0,9.7703,0.0,0.0,0.0,9.0453,0.0,0.0,0.0,0.0,0.0,0.0,0.0,7.2695,0.0,8.1254,0.0,0.0,0.0,0.0,0.0,0.0,0.0,0.0,0.0,0.0,0.0,0.0,0.0,0.0,0.0,0.0,0.0,0.0,0.0,0.0,0.0,0.0,0.0,0.0,0.0,0.0,0.0,0.0,0.0,8.9038,0.0,0.0,0.0,0.0,0.0,0.0,0.0,0.0,0.0,0.0,0.0,0.0,0.0,0.0,0.0,9.9435,0.0,0.0,0.0,0.0,3.7485,0.0,9.5741,0.0,0.0,0.0,0.0,4.3284,0.0
Mki67,0.0,3.8992,0.0,0.0,0.0,0.0,1.1763,2.5705,0.0,0.0,6.019,4.934,0.0,0.0,0.0,0.0,0.0,5.487,6.332000000000001,6.4838,5.5195,5.4715,5.8595,0.0,0.0,5.3621,0.0,0.0,0.0,5.9903,0.0,3.5969,5.3345,0.0,0.0,0.0,4.4725,0.0,5.7745,0.0,4.2832,0.0,6.6869,4.7766,4.7903,0.0,0.0,6.6907,0.0,0.0,0.0,0.0,0.0,0.0,4.5503,4.7671,4.3505,0.0,0.0,4.6837,4.8689,3.8982,0.0,0.0,0.0,0.0,0.0,0.0,4.1835,0.0,0.0,0.0,0.0,6.5883,0.0,0.0,0.0,0.0,0.0,0.0,0.0,0.0,0.0,0.0,0.0,0.0,0.0,0.0,6.2118,0.0,0.0,0.0,0.0,0.0,0.0,0.0,0.0,0.0,0.0,0.0,0.0,0.0,3.9011,0.0,0.0,0.0,0.0,0.0,0.0,0.0,0.0,6.0358,0.0,0.0,6.6122,0.0,0.0,0.0,0.0,0.0,0.0,0.0,0.0,0.0,0.0,0.0,0.0,0.0,0.0,0.0,5.1942,0.0,0.0,0.0,0.0,0.0,0.0,5.269,0.0,0.0,0.0,0.0,0.0,0.0,0.0,0.0,0.0,3.3147,0.0,0.0,0.0,0.0,1.8278,0.0,0.0,0.0,0.0,2.0215,0.0,0.0,0.0,0.0,0.0,5.7727,0.0,0.0,0.0,0.0,0.0,0.0,0.0,0.0,1.0072,0.0,0.0,0.0,0.0,0.0,0.0,0.0,3.6462,0.0,0.0,0.0,0.0,0.0,0.0,0.0,0.0,0.0,0.0,0.0,0.0,0.0,0.0,3.7991,0.0,5.6873,0.0,0.0,0.0,0.0,0.0,0.0,0.0,0.0,0.0,0.0,0.0,0.0,0.0,0.0,1.3840000000000001,0.0,0.0,5.2434,0.0,0.0,0.0,0.0,0.0,4.5497,0.0,0.0,0.0,0.0,0.0,0.0,0.0,0.0,0.0,0.0,0.0,0.0,0.0,0.0,0.0,0.0,4.9388,4.6741,0.0,0.0,4.1342,0.0,0.0,5.5901,0.0,0.0,0.0,4.1243,0.0,0.0,4.6177,0.0,0.0,0.0,0.0,4.0644,0.0,0.0,0.0,0.0,4.6781,0.0,0.0,0.0,0.6041,0.0,0.0,0.0,0.0,0.0,0.0,2.9709,0.0,0.0,0.0,0.9855,0.0,0.0,7.6429,4.6915,0.0,0.0,0.0,6.1721,0.0,0.9107,0.0,0.0,5.2087,5.1206,0.0,0.0,0.0,0.0,0.0,0.0
Rad51ap1,0.0,5.7192,0.0,0.0,0.0,0.0,0.0,0.0,0.0,0.0,0.0,4.3604,0.0,0.0,0.0,0.0,0.0,5.8237,7.9017,6.9452,6.1385,6.3937,0.0,0.0,0.0,6.1445,0.0,0.0,0.0,2.1985,0.0,6.1815,3.6915,0.0,0.0,0.0,7.3327,0.0,5.8329,0.0,0.0,0.0,0.0,6.6427,6.8776,0.0,0.0,6.1685,0.0,0.0,0.0,0.0,8.0775,0.0,6.0919,6.3379,0.0,0.0,0.0,5.1803,7.1551,0.0,0.0,0.0,0.0,2.862,0.0,0.0,7.3862,0.0,0.0,0.0,0.0,7.1979999999999995,0.0,0.0,0.0,0.0,0.0,0.0,0.0,0.0,0.0,0.0,0.0,0.0,0.0,0.0,0.0,0.0,0.0,0.0,0.0,0.0,0.0,0.0,0.0,0.0,0.0,0.0,0.0,0.0,7.4456,0.0,0.0,0.0,0.0,0.0,0.0,0.0,0.0,0.0,0.0,0.0,0.0,0.0,0.0,0.0,0.0,0.0,0.0,0.0,0.0,0.0,0.0,0.0,0.0,0.0,0.0,0.0,0.0,0.0,0.0,0.0,0.0,0.0,0.0,0.0,0.0,0.0,0.0,0.0,0.0,0.0,0.0,0.0,0.0,6.2722,0.0,0.0,0.0,0.0,6.347,0.0,0.0,0.0,0.0,0.0,0.0,0.0,0.0,0.0,0.0,3.3923,0.0,0.0,0.0,0.0,0.0,0.0,0.0,0.0,6.3452,0.0,0.0,0.0,0.0,0.0,0.0,0.0,0.0,0.0,0.0,0.0,0.0,0.0,0.0,0.0,0.0,0.0,0.0,0.0,0.0,1.2016,0.0,5.541,0.0,6.5198,0.0,0.0,0.0,0.0,0.0,0.0,0.0,0.0,0.0,0.0,0.0,0.0,5.1412,0.0,0.0,0.0,0.0,6.0942,0.0,6.5616,0.0,0.0,0.0,0.0,0.0,0.0,0.0,0.0,0.0,0.0,0.0,0.0,0.0,0.0,0.0,4.607,0.0,0.0,0.0,0.0,0.0,0.0,0.0,0.0,6.6172,0.0,0.0,0.0,0.0,0.0,0.0,6.6394,0.0,0.0,5.3872,0.0,0.0,0.0,0.0,0.0,0.0,0.0,0.0,0.0,6.8688,0.0,0.0,6.5011,6.5978,0.0,0.0,0.0,0.0,0.0,0.0,4.0566,0.0,0.0,0.0,0.0,0.0,0.0,6.6152,0.0,0.0,0.0,0.0,6.0809,0.0,0.0,0.0,0.0,7.1755,0.0,0.0,0.0,0.0,0.0,0.0,0.0
Tk1,0.0,8.8884,0.0,0.0,0.0,0.0,9.3889,0.0,10.0533,0.0,9.6977,7.6162,0.0,0.0,0.0,0.0,0.0,9.2042,8.5598,9.2397,7.3269,9.0521,7.9477,0.0,7.1727,8.2395,0.0,0.0,0.0,7.254,0.0,8.6682,9.5647,0.0,0.0,0.0,9.1635,0.0,6.2311,0.0,8.2995,0.0,0.0,7.1685,8.4515,0.0,0.0,8.7435,0.0,0.0,0.0,0.0,8.3819,0.0,8.5054,9.2921,0.0,0.0,3.6656,9.113999999999999,6.1599,7.9937,0.0,0.0,0.0,0.0,0.0,0.0,7.4536,0.0,0.0,0.0,0.0,8.4467,0.0,0.0,0.0,0.0,0.0,6.0811,0.0,0.0,0.0,0.0,0.0,0.0,5.6938,0.0,0.0,8.0656,0.0,0.0,0.0,0.0,0.0,0.0,0.0,1.8156,0.0,8.3092,0.0,0.0,8.4027,0.0,0.0,0.0,0.0,0.0,0.0,8.8526,0.0,9.4578,0.0,6.1944,0.0,0.0,0.0,0.0,0.0,0.0,0.0,0.0,0.0,0.0,0.0,0.0,0.0,0.0,0.0,0.0,6.7024,9.4824,0.0,0.0,0.0,0.0,6.9998,0.0,0.0,0.0,0.0,0.0,0.0,0.0,0.0,0.0,0.0,8.691,0.0,0.0,0.0,0.0,7.9821,0.0,0.0,0.0,0.0,8.8329,0.0,0.0,0.0,1.5993,0.0,0.0,0.0,0.0,0.0,0.0,0.0,0.0,0.0,0.0,6.7027,0.0,0.0,0.0,0.0,8.2373,0.0,0.0,7.6739,0.0,0.0,0.0,0.0,6.4487,0.0,0.0,0.0,0.0,0.0,0.0,0.0,5.7616,0.0,7.8437,0.0,7.4005,0.0,0.0,0.0,0.0,0.0,0.0,0.0,0.0,0.0,0.0,0.0,0.0,7.3351,0.0,0.0,0.0,0.0,5.4938,0.0,0.0,0.0,0.0,0.0,0.0,7.669,0.0,0.0,0.0,0.0,0.0,0.0,0.0,0.0,0.0,0.0,0.0,0.0,0.0,7.0365,0.0,0.0,5.5549,0.0,0.0,7.8764,0.0,0.0,0.0,0.0,0.0,0.0,8.8015,0.0,0.0,0.0,0.0,0.0,0.0,0.0,0.0,0.0,0.0,0.0,0.0,7.1326,0.0,0.0,6.4882,6.2521,0.0,0.0,0.0,0.0,7.0378,0.0,8.2674,0.0,6.8817,0.0,5.5549,0.0,0.0,1.4854,0.0,0.0,0.0,0.0,7.1902,0.0,5.9392,0.0,0.0,8.3305,0.0,0.0,0.0,0.0,0.0,0.0,0.0
Prc1,0.0,1.8032,0.4222,0.0,0.0,0.0,2.4195,0.0,0.7225,0.0,7.3258,0.0,0.0,0.0,0.0,0.0,0.0,6.4192,6.8001,6.3295,6.2122,0.3334,5.6747,0.0,0.0,2.5435,0.0,0.0,0.0,6.1641,0.0,3.4581,8.5034,0.0,0.0,0.0,0.0,0.0,0.0,0.0,7.1815,0.0,0.0,6.3327,6.8811,0.0,0.0,4.7671,0.0,0.0,0.0,0.0,0.0,0.0,0.0,6.0367,0.0,0.0,0.0,3.266,7.9705,0.0,0.0,0.0,0.0,0.0,0.0,0.0,6.0909,0.0,0.0,0.9411,0.0,6.7439,0.0,0.0,0.0,0.0,0.0,0.0,0.0,0.0,0.0,0.0,0.0,0.0,0.0,0.0,0.0,0.0,0.757,0.0,0.0,0.0,1.157,2.4647,0.0,0.0,0.0,0.0,0.0,0.0,4.0268,1.0072,0.0841,1.433,0.0,0.0,1.3840000000000001,0.0,0.0,0.0,0.0,5.6608,0.5059,1.251,0.6229,0.0,0.0,0.0,0.0,0.0,0.0,8.4032,0.0,0.0,4.9246,0.0,0.0,0.0,7.716,0.0,0.0,0.0,0.6508,0.0,0.2016,0.7312,0.0,0.0,0.0,0.0,0.0,0.0,0.0,0.0,0.774,6.667999999999999,0.0,1.111,0.0,0.0,3.3909,0.0,0.0,0.0,0.0,5.7957,0.0,0.0,0.0,0.0,0.0,7.5774,0.0,0.0,0.0,0.0,0.0,0.0,0.0,0.0,5.3434,0.0,0.7049,0.0,0.0,3.2141,1.2987,0.0,0.0,0.0,0.0,0.0,0.0,0.0,0.0,1.3219,0.0,0.5261,0.0,0.0,0.0,0.5261,0.0,4.9855,0.0,4.9435,2.06,0.0,0.7908,0.0,0.0,0.0,0.0,0.0,0.0,0.0,0.8074,0.0,0.0,0.0,0.3785,0.0,0.4436,5.8487,0.0,0.0,0.0,0.0,1.1043,0.0,0.0,0.0,1.111,0.0,0.0,0.0,0.0,4.5192,0.0,0.0,1.3045,0.0,0.0,7.2515,0.6135,2.8797,0.0,0.0,0.0,0.0,0.0,0.0,0.0,0.0,0.0,0.0,0.0,0.0,1.669,0.0,0.0,0.0,0.0,0.0,0.0,1.6554,0.0,0.0,0.0,0.6323,0.585,0.0,0.0,0.0,0.0,0.0,0.0,0.0,1.0909,0.0,0.0,0.1506,0.0,0.0,6.0029,0.7312,0.0,0.0,3.2265,0.0,0.5361,0.0,0.0,0.0,0.0,0.0,2.2418,0.0,0.0,0.0,1.2388,0.0,0.0,0.0,1.9107,0.0
Stx11,0.0,2.8012,0.0,0.0,0.0,0.0,6.6234,6.3136,0.0,9.1862,6.7594,6.6126,0.0,0.0,0.0,0.0,0.0,5.1574,7.3496,6.5944,3.8953,6.5094,0.0,0.0,5.7018,6.2139,0.0,0.0,0.0,6.3942,0.0,6.1438,0.0,0.0,0.0,0.0,5.3526,0.0,0.0,0.0,0.0,0.0,1.8032,6.955,0.0,0.0,0.0,0.0,0.0,0.0,0.0,0.0,6.2286,0.0,6.8898,0.0,0.0,0.0,3.2342,0.0,5.8955,0.0,0.0,0.0,0.0,0.0,0.0,0.0,2.4436,0.0,0.0,0.0,0.0,6.1295,0.0,0.0,0.0,0.0,0.0,8.6966,0.0,0.0,0.0,0.0,0.0,0.0,0.0,0.0,0.0,8.1803,5.1018,0.0,0.0,0.0,0.0,0.0,0.0,0.0,0.0,0.0,0.0,0.0,0.0,0.0,0.0,0.0,0.0,0.0,0.0,0.0,0.0,6.6372,0.0,6.7862,0.0,0.0,0.0,0.0,0.0,0.0,0.0,0.0,0.0,0.0,0.0,0.0,0.0,0.0,0.0,0.0,6.4293,0.0,0.0,0.0,0.0,0.0,0.0,7.7322,0.0,0.0,0.0,0.0,0.0,8.5172,0.0,0.0,0.0,6.2595,0.0,0.0,0.0,0.0,0.0,0.0,0.0,0.0,7.6371,6.777,0.0,0.0,0.0,0.0,8.6454,5.7698,0.0,0.0,0.0,0.0,0.0,6.4482,0.0,0.0,4.497,0.0,0.0,0.0,0.0,2.9727,0.0,0.0,7.9939,0.0,0.0,0.0,0.0,6.2685,0.0,0.0,0.0,0.0,5.6221,0.0,9.579,5.8824,0.0,6.3665,0.0,4.238,0.0,0.0,0.0,0.0,8.6456,0.0,0.0,0.0,0.0,0.0,0.0,0.0,0.0,0.0,0.0,0.0,0.0,0.0,9.111,0.0,0.0,0.0,0.0,0.0,0.0,0.0,0.0,0.0,0.0,0.0,0.0,0.0,0.0,0.0,0.0,0.0,0.0,0.0,5.4568,0.0,0.0,5.4571,0.0,0.0,5.2292,0.0,0.0,0.0,0.0,0.0,0.0,6.1322,8.8445,0.0,6.9813,0.0,0.0,0.0,0.0,0.0,0.0,0.0,0.0,6.1485,2.1699,9.0423,0.0,0.0,0.0,0.0,0.0,0.0,7.8811,0.0,0.0,0.0,0.0,0.0,0.0,0.8797,0.0,0.0,7.3664,0.0,0.0,0.0,2.3505,6.3839999999999995,9.9015,0.0,0.0,0.0,6.3237,0.0,0.0,0.0,0.0,0.0,0.0,8.3115
Shcbp1,0.0,0.0,0.0,0.0,0.0,0.0,5.939,6.4148,0.0,0.0,0.0,4.5173,0.0,0.0,0.0,0.0,0.0,5.9131,6.2093,0.0,6.9443,0.0,7.691,0.0,0.0,0.0,0.0,0.0,0.0,6.9079,0.0,8.0862,0.0,0.0,0.0,0.0,5.4679,0.0,5.7043,0.0,5.6792,0.0,0.0,7.6001,0.0,0.0,0.0,0.0,0.0,0.0,0.0,0.0,0.0,0.0,0.0,7.5259,0.0,0.0,0.0,4.5065,5.7892,0.0,0.0,0.0,0.0,0.0,0.0,0.0,5.5598,0.0,0.0,0.0,0.0,7.2662,0.0,0.0,0.0,0.0,0.0,0.0,0.0,0.0,0.0,0.0,0.0,0.0,0.0,0.0,0.0,0.0,0.0,0.0,0.0,0.0,0.0,0.0,0.0,0.0,0.0,0.0,0.0,0.0,3.8904,0.0,0.0,0.0,0.0,0.0,0.0,0.0,0.0,0.0,0.0,0.0,0.0,0.0,0.0,0.0,0.0,0.0,0.0,0.0,0.0,0.0,0.0,0.0,0.0,0.0,0.0,0.0,7.1035,0.0,0.0,0.0,0.0,0.0,0.0,0.0,0.0,0.0,0.0,0.0,0.0,0.0,0.0,0.0,0.0,6.7328,0.0,0.0,0.0,0.0,0.0,0.0,0.0,0.0,0.0,6.3714,0.0,0.0,0.0,0.0,0.0,7.1113,0.0,0.0,0.0,0.0,0.0,0.0,0.0,0.0,0.0,0.0,0.0,0.0,0.0,5.2265,0.0,0.0,0.0,0.0,0.0,0.0,0.0,0.0,0.0,0.0,0.0,0.0,0.0,0.0,0.0,4.8714,0.0,5.541,0.0,5.8567,0.0,0.0,0.0,0.0,0.0,0.0,0.0,0.0,0.0,0.0,0.0,0.0,0.0,0.0,0.0,0.0,0.0,4.8997,0.0,0.0,0.0,0.0,0.0,0.0,0.0,0.0,0.0,0.0,0.0,0.0,0.0,0.0,0.0,0.0,0.0,0.0,0.0,0.0,0.0,0.0,0.0,0.0,0.0,0.0,6.2974,0.0,0.0,0.0,0.0,0.0,0.0,0.9107,0.0,0.0,6.5871,0.0,0.0,0.0,0.0,0.0,0.0,0.0,0.0,0.0,3.0072,0.0,0.0,0.0,0.0,0.0,0.0,0.0,0.0,0.0,0.0,0.0,0.0,0.0,0.0,0.0,0.0,0.0,1.0772,0.0,0.0,0.0,0.0,7.2793,0.0,0.0,0.0,0.0,0.0,0.0,0.0,0.0,0.0,0.0,0.0,0.0
S100a6,0.0,7.9472,7.683,0.0,0.0,0.0,6.1481,0.0,0.0,10.0949,8.7342,9.5995,0.0,0.0,0.0,9.2836,0.0,7.0644,0.0,9.6571,6.1689,6.4812,0.0,0.0,0.0,5.6781,0.0,0.0,8.8375,7.5937,0.0,9.6127,8.9958,8.6493,0.0,9.2475,7.4002,7.4493,9.6448,0.0,9.1721,0.0,5.6241,8.9454,0.0,1.7137,0.0,0.0,0.0,0.0,9.8226,0.0,7.2509,8.2665,7.2619,6.4558,9.0893,8.3316,0.0,10.0193,8.5657,9.648,0.0,0.0,0.0,0.0,9.2593,0.0,7.175,7.0093,0.0,0.0,10.9339,6.9054,0.0,0.0,0.0,0.0,9.5899,0.0,8.9575,8.1341,7.9734,0.0,0.0,9.8033,9.5512,0.0,0.0,0.0,8.245,0.0,0.0,8.7346,0.0,0.0,0.0,0.0,0.0,0.0,9.2096,0.0,8.7323,0.0,0.0,0.0,0.0,0.0,0.0,7.0239,0.0,8.1405,8.3664,6.97,9.708,0.0,0.0,0.0,9.0456,8.5439,0.0,0.0,0.0,10.4373,0.0,0.0,0.0,0.0,0.0,0.0,5.5521,0.0,8.4307,8.9745,0.0,8.1772,9.6177,0.0,0.0,0.0,0.0,0.0,9.3677,10.8132,0.0,0.0,0.0,9.1852,0.0,0.0,0.0,8.1146,0.0,0.0,0.0,0.0,0.0,0.0,0.0,0.0,9.1758,0.0,9.2622,0.0,9.0777,0.0,9.5701,0.0,0.0,0.0,0.0,10.3577,4.8048,0.0,9.9177,0.0,0.0,7.2453,0.0,0.0,0.0,10.0423,0.0,0.0,8.6161,8.7613,0.0,0.0,10.3545,0.0,0.0,10.0269,0.0,6.9378,8.753,8.67,0.0,8.7928,8.8428,0.0,0.0,8.0609,7.1346,0.0,0.0,10.1153,0.0,0.0,0.0,0.0,8.4492,0.0,7.7631,7.2375,0.0,8.6669,0.0,11.1801,0.0,7.7832,10.9566,8.0485,0.0,0.0,0.0,0.0,0.0,0.0,0.0,0.0,0.0,10.4531,0.0,9.5118,0.0,9.2028,4.4976,0.0,9.5632,8.3822,0.0,10.4897,9.5721,0.0,0.0,0.0,0.0,0.0,0.0,7.8248,0.0,0.0,9.8415,0.0,0.0,0.0,0.0,0.0,9.8592,0.0,0.0,0.0,6.1227,7.6682,0.0,7.5221,9.7055,0.0,9.511000000000001,9.2222,0.0,10.0034,10.532,7.9768,9.8325,0.0,0.0,8.8503,0.0,3.9279,8.1116,0.0,0.0,0.0,0.0,0.0,0.0,0.0,4.8535,0.0,10.1661,9.3955,7.3505,0.0,0.0,0.0,9.618,9.2103
Birc5,0.0,8.3268,0.0,0.0,0.0,0.6323,6.5935,8.673,0.0,0.0,8.6519,9.1423,0.0,1.0772,3.8217,1.7398,1.4699,9.2124,9.212,8.562000000000001,9.3038,0.2987,8.2523,0.0,0.0,8.1135,0.0,0.0,0.0,8.9347,0.2265,8.8576,9.0063,0.696,0.0,0.0,8.3621,0.0,9.5164,0.0,9.4681,0.0,10.609000000000002,9.0035,6.7896,0.0976,0.0,10.3578,0.3448,0.4436,0.0,0.7137,7.7729,0.9782,5.8625,10.5072,0.0,0.7225,0.0,6.3688,8.9845,8.5788,0.18899999999999997,0.0,0.0,0.0,1.1827,0.0,9.246,0.0,0.0,0.0,0.0,9.311,0.0,1.8836,1.0286,0.5261,0.0,1.2928,0.0,0.0,0.5059,0.8797,4.2357,0.0,1.2570000000000001,0.0,1.189,6.4534,0.0,1.0286,0.7398,0.0,0.0,1.5801,0.0,9.9488,1.774,0.0,2.2839,0.669,8.9473,0.0,0.8718,1.3103,1.2016,0.0,0.3334,1.8197,0.0,8.1424,1.6599,0.0,1.2388,2.0356,1.263,0.0,0.9782,0.0,1.8032,0.0,0.0,0.0,1.2203,0.0,2.4087,0.0,0.0,0.6323,9.7023,0.0,0.0,0.8953,0.8718,1.4383,0.3334,0.0,0.0,0.9411,0.7655,1.0215,0.0,1.3161,0.0,0.0,1.1763,8.0134,0.0,0.0,0.0,0.0,8.2353,0.0,0.0,0.0,0.0,7.8456,0.0,1.3896,0.0,0.0,0.0,9.3672,0.7225,0.9928,0.0,0.5558,0.0,0.9561,1.0841,0.0,7.9413,0.0,1.0704,0.0,0.0,7.6569,0.0,0.0,8.3299,0.0,2.4906,0.0,0.6781,6.2166,0.0,0.0,0.0,0.0,0.856,0.0,1.1953,8.9791,0.0,7.1846,0.0,8.978,0.0,0.0,0.8875,0.8953,0.0,0.0,0.0,1.1177,0.0,1.5705,2.4330000000000003,0.0,5.9383,1.7181,0.0,0.0,0.0,8.3741,1.5008,0.0,2.26,0.0,0.7991,0.0,0.0,0.0,1.2327,2.3813,0.0,1.4436,0.0,1.7698,0.0,2.6871,1.1953,0.0,1.7866,0.0,0.6135,0.0,8.5247,7.6696,0.0,1.5801,8.2466,0.0,0.0,9.4023,0.585,0.0,0.0,0.0,0.0,0.0,8.972000000000001,0.0,0.0,2.6206,1.1043,0.0,0.0,0.0,1.2928,1.4436,7.9695,0.0,0.0,6.2728,8.6144,0.0,2.3448,1.1763,1.0144,0.0,0.0,5.5738,2.384,0.0,0.0,0.0,1.0976,2.9298,6.8378,8.1621,0.0,1.4114,1.111,6.1293,1.9069,7.6774,1.6736,0.0,7.5304,0.0,0.848,0.0,0.0,0.0,0.0,0.0
Trip13,0.0,7.0826,0.0,0.0,0.0,0.0,6.6453,0.0,0.0,0.0,0.9411,6.0457,0.0,0.0,0.0,0.0,0.0,5.5376,0.0,0.0,2.2296,4.8565,0.0,0.0,6.9231,0.0,0.0,0.0,0.0,3.7634,0.0,6.8062,0.0,0.0,0.0,0.0,6.9204,0.0,6.586,0.0,7.1159,0.0,0.0,6.4976,0.0,0.0,0.0,0.0,0.0,0.0,0.0,0.0,0.0,0.0,7.2105,0.0,0.0,0.0,3.7613,6.2612,6.3094,0.0,0.0,0.0,0.0,0.0,0.0,0.0,5.8627,0.0,0.0,0.0,0.0,0.0,0.0,0.0,0.0,0.0,0.0,0.0,0.0,0.0,0.0,0.0,0.0,0.0,0.0,0.0,0.0,4.7735,0.0,0.0,0.0,0.0,0.0,0.0,0.0,0.0,0.0,1.3334,0.0,0.0,6.5827,0.0,0.0,0.0,0.0,0.0,0.0,0.0,0.0,7.3032,0.0,0.0,0.0,0.0,0.0,0.0,0.0,0.0,0.0,0.0,0.0,0.0,0.0,0.0,0.0,0.0,0.0,0.0,7.7509,0.0,0.0,0.0,0.0,0.0,0.0,0.0,0.0,0.0,0.0,0.0,0.0,0.0,0.0,0.0,0.0,7.3126,0.0,0.0,0.0,0.0,6.3705,0.0,0.0,0.0,0.0,0.0,0.0,0.0,0.0,0.0,0.0,7.1296,0.0,0.0,0.0,0.0,0.0,0.0,0.0,0.0,0.0,0.0,0.0,0.0,0.0,0.0,0.0,0.0,6.3277,0.0,0.0,0.0,0.0,6.0841,0.0,0.0,0.0,0.0,0.0,0.0,0.0,6.1651,0.0,5.7038,0.0,6.2228,0.0,0.0,0.0,0.0,0.0,0.0,0.0,0.0,0.0,0.0,0.0,0.0,2.6253,0.0,0.0,0.0,0.0,6.0045,0.0,0.0,0.0,0.0,0.0,0.0,0.0,0.0,0.0,0.0,0.0,0.0,0.0,0.0,0.0,0.0,0.0,0.0,0.0,0.0,0.0,0.0,0.0,0.0,0.0,0.0,6.9779,0.0,0.0,0.0,0.0,0.0,0.0,0.0,0.0,0.0,0.0,0.0,0.0,0.0,0.0,0.0,0.0,0.0,0.0,0.0,0.0,0.0,0.0,0.0,0.0,0.0,0.0,0.0,0.0,0.0,0.0,0.0,0.0,0.0,0.0,0.0,0.0,0.0,0.0,0.0,0.0,0.0,0.0,6.609,0.0,4.8525,0.0,0.0,7.3322,0.0,0.0,0.0,0.0,0.0,0.0,0.0
Esm1,0.0,5.3516,0.0,0.0,0.0,0.0,0.0,0.0,0.0,0.0,0.0,0.0,0.0,0.0,0.0,0.0,0.0,0.0,0.0,0.0,0.0,0.0,0.0,0.0,0.0,0.0,8.342,0.0,0.0,0.0,0.0,0.0,0.0,0.0,0.0,0.0,0.0,0.0,0.0,0.0,0.0,0.0,0.0,0.0,0.0,0.0,0.0,0.0,0.0,0.0,0.0,0.0,0.0,0.0,0.0,0.0,0.0,0.0,0.0,0.0,0.0,0.0,0.0,0.0,0.0,0.0,0.0,0.0,0.0,0.0,0.0,0.0,0.0,0.0,0.0,0.0,0.0,0.0,0.0,0.0,0.0,0.0,0.0,0.0,0.0,0.0,0.0,0.0,0.0,0.0,0.0,0.0,0.0,0.0,0.0,0.0,0.0,0.0,0.0,0.0,0.0,0.0,0.0,0.0,0.0,0.0,0.0,0.0,0.0,0.0,0.0,0.0,0.0,0.0,0.0,0.0,0.0,0.0,0.0,0.0,0.0,0.0,0.0,0.0,0.0,0.0,0.0,0.0,0.0,0.0,0.0,0.0,0.0,0.0,0.0,0.0,0.0,0.0,0.0,0.0,0.0,0.0,0.0,0.0,0.0,0.0,0.0,6.1315,0.0,0.0,0.0,0.0,0.0,0.0,0.0,0.0,0.0,0.0,0.0,0.0,0.0,0.0,0.0,0.0,0.0,0.0,0.0,0.0,0.0,0.0,0.0,0.0,0.0,0.0,0.0,0.0,0.0,0.0,0.0,0.0,0.0,0.0,0.0,0.0,0.0,0.0,0.0,0.0,0.0,0.0,0.0,0.0,0.0,0.0,0.0,4.7208,0.0,0.0,0.0,0.0,0.0,0.0,0.0,0.0,0.0,0.0,0.0,0.0,0.0,0.0,0.0,0.0,0.0,0.0,0.0,0.0,0.0,0.0,0.0,0.0,0.0,0.0,0.0,0.0,8.9719,0.0,0.0,0.0,0.0,0.0,0.0,0.0,0.0,0.0,0.0,0.0,0.0,0.0,3.859,0.0,0.0,0.0,0.0,0.0,0.0,0.0,0.0,0.0,0.0,0.0,0.0,0.0,0.0,0.0,0.0,0.0,0.0,0.0,0.0,0.0,0.0,0.0,0.0,0.0,0.0,0.0,0.0,0.0,0.0,0.0,0.0,0.0,0.0,0.0,0.0,0.0,0.0,0.0,0.0,0.0,0.0,0.0,0.0,0.0,0.0,0.0,0.0,0.0,0.0,0.0,0.0,0.0,0.0,0.0,0.0,0.0,0.0,0.0
Sell,9.8234,0.0,9.8714,11.3097,3.6171,0.0,8.4245,9.0633,10.478,0.0,0.0,0.0,0.0,7.8739,7.2161,0.0,0.0,0.0,0.0,0.0,0.0,7.9672,0.0,0.0,7.4505,6.0845,0.0,0.0,0.0,0.0,0.0,0.0,3.488,9.6638,10.9636,0.0,0.0,0.0,0.0,10.1625,0.0,8.5754,0.0,0.0,0.0,7.7949,10.784,0.0,10.7451,0.0,10.4393,0.0,0.0,8.9864,0.0,7.2860000000000005,0.0,0.0,10.7017,0.0,0.18899999999999997,0.0,0.0,2.969,8.7337,6.6734,10.1481,6.5176,0.0,0.0,11.3004,10.5292,0.0,0.0,8.0848,10.9649,0.0,11.2045,0.0,10.1495,10.4462,0.0,0.0,10.2951,0.0,0.0,8.2374,8.9885,0.0,0.0,0.0,8.665,0.0,9.3786,5.9598,10.9495,7.3455,0.0,10.2414,9.6089,0.0,0.0,0.0,7.9722,0.0,8.3764,6.2149,0.0,0.0,0.0,11.0963,0.0,9.045,0.0,0.0,8.4322,10.5428,9.2002,0.0,0.0,8.5722,0.0,0.0,0.0,10.7425,9.7183,9.9481,9.9376,11.2126,9.8123,0.0,0.0,0.0,10.288,8.8208,9.3058,0.0,0.0,11.1176,7.8424,4.3639,8.3308,10.4902,0.0,10.2002,9.5657,9.6218,0.0,0.0,0.0,0.0,0.0,0.0,8.5246,8.7602,0.0,8.8221,0.0,11.0166,8.5499,9.3945,9.8425,0.0,0.0,10.6322,0.0,0.0,6.5184,0.0,9.367,8.3385,0.0,0.0,9.2156,0.0,0.0,9.974,0.0,11.089,10.4759,0.0,0.84,0.0,10.9623,0.0,0.0,6.7719,9.2926,4.0054,9.2515,10.1681,8.2185,0.0,0.0,0.0,0.0,5.7192,0.0,0.0,0.0,8.1255,0.0,0.0,8.392000000000001,8.4186,0.0,2.2048,11.3212,1.0215,0.0,7.4031,9.95,8.1807,7.9053,0.0,2.4931,8.0779,0.0,9.4191,8.4677,0.0,0.0,9.5014,0.0,0.0,9.8299,9.0048,9.3639,0.0,0.0,5.4565,9.6659,9.1356,7.9585,10.357000000000001,0.0,10.2592,0.0,0.0,7.8397,0.0,9.886000000000001,7.162999999999999,8.9598,9.5367,10.2436,8.2772,0.0,8.5862,7.8014,0.0,8.9514,0.0,10.5225,8.4555,9.0556,10.4373,8.9536,8.8845,8.2166,9.7574,7.795,0.0,0.0,0.0,0.0,0.0,9.7283,6.8908,0.0,9.2019,0.0,9.2796,0.0,0.0,9.817,10.2298,0.0,9.7606,0.0,0.0,8.7425,8.9966,6.1125,0.0,9.5114,9.1257,5.9107,9.7314,0.0,0.0,0.0,9.5234,0.0,9.7023,7.3278,0.0,0.0
